date,ticker,price,return
2023-01-03,SPY,378.5695,-0.00376446
2023-01-04,SPY,376.5952,-0.00521528
2023-01-05,SPY,374.4365,-0.00573198
2023-01-06,SPY,378.7781,0.01159486
2023-01-09,SPY,380.7191,0.00512438
2023-01-10,SPY,386.6064,0.01546366
2023-01-11,SPY,388.4737,0.00483
2023-01-12,SPY,384.4827,-0.01027359
2023-01-13,SPY,382.0708,-0.00627295
2023-01-16,SPY,382.2952,0.00058722
2023-01-17,SPY,384.6117,0.00605961
2023-01-18,SPY,387.2152,0.00676893
2023-01-19,SPY,391.3117,0.01057951
2023-01-20,SPY,388.3981,-0.00744579
2023-01-23,SPY,390.0344,0.00421303
2023-01-24,SPY,394.455,0.01133375
2023-01-25,SPY,397.4298,0.00754173
2023-01-26,SPY,396.9949,-0.00109446
2023-01-27,SPY,393.5761,-0.00861155
2023-01-30,SPY,388.0664,-0.01399908
2023-01-31,SPY,391.9647,0.01004536
2023-02-01,SPY,390.9924,-0.0024805
2023-02-02,SPY,389.7415,-0.00319934
2023-02-03,SPY,390.9858,0.00319267
2023-02-06,SPY,387.6994,-0.00840546
2023-02-07,SPY,385.2353,-0.00635557
2023-02-08,SPY,385.3592,0.00032151
2023-02-09,SPY,388.3016,0.00763545
2023-02-10,SPY,384.3324,-0.01022202
2023-02-13,SPY,379.8586,-0.01164045
2023-02-14,SPY,375.8776,-0.01048
2023-02-15,SPY,377.5819,0.0045341
2023-02-16,SPY,383.5772,0.01587805
2023-02-17,SPY,383.5565,-5.399e-05
2023-02-20,SPY,384.8063,0.00325862
2023-02-21,SPY,389.6311,0.01253818
2023-02-22,SPY,385.9595,-0.0094234
2023-02-23,SPY,387.9796,0.00523414
2023-02-24,SPY,396.3061,0.02146118
2023-02-27,SPY,399.7262,0.00863
2023-02-28,SPY,396.9425,-0.00696415
2023-03-01,SPY,398.3986,0.00366835
2023-03-02,SPY,399.5785,0.00296162
2023-03-03,SPY,404.635,0.0126545
2023-03-06,SPY,402.9041,-0.0042777
2023-03-07,SPY,403.8062,0.0022391
2023-03-08,SPY,404.0005,0.00048116
2023-03-09,SPY,397.8318,-0.0152691
2023-03-10,SPY,396.3453,-0.00373649
2023-03-13,SPY,397.1512,0.00203324
2023-03-14,SPY,395.1461,-0.00504849
2023-03-15,SPY,401.488,0.01604939
2023-03-16,SPY,400.7716,-0.00178447
2023-03-17,SPY,395.8194,-0.01235656
2023-03-20,SPY,395.8065,-3.249e-05
2023-03-21,SPY,395.5086,-0.00075265
2023-03-22,SPY,390.1317,-0.013595
2023-03-23,SPY,387.4952,-0.00675799
2023-03-24,SPY,389.9235,0.00626675
2023-03-27,SPY,389.2723,-0.00167005
2023-03-28,SPY,387.5584,-0.00440292
2023-03-29,SPY,389.6825,0.00548083
2023-03-30,SPY,388.4126,-0.00325895
2023-03-31,SPY,393.0618,0.01196982
2023-04-03,SPY,391.6264,-0.00365197
2023-04-04,SPY,390.5377,-0.00277994
2023-04-05,SPY,388.723,-0.00464665
2023-04-06,SPY,387.1987,-0.00392115
2023-04-07,SPY,388.7326,0.00396154
2023-04-10,SPY,390.5169,0.00458999
2023-04-11,SPY,392.1908,0.00428624
2023-04-12,SPY,400.1333,0.02025177
2023-04-13,SPY,400.049,-0.0002108
2023-04-14,SPY,401.5644,0.00378803
2023-04-17,SPY,398.2737,-0.00819452
2023-04-18,SPY,401.0669,0.00701321
2023-04-19,SPY,402.3425,0.0031804
2023-04-20,SPY,405.1825,0.00705861
2023-04-21,SPY,413.0294,0.01936652
2023-04-24,SPY,412.5645,-0.00112565
2023-04-25,SPY,397.3138,-0.03696562
2023-04-26,SPY,402.9067,0.01407681
2023-04-27,SPY,399.7072,-0.007941
2023-04-28,SPY,403.4442,0.00934925
2023-05-01,SPY,408.379,0.01223171
2023-05-02,SPY,401.5863,-0.01663336
2023-05-03,SPY,403.5434,0.00487339
2023-05-04,SPY,405.177,0.00404817
2023-05-05,SPY,394.5075,-0.026333
2023-05-08,SPY,393.7094,-0.00202297
2023-05-09,SPY,388.3899,-0.01351131
2023-05-10,SPY,392.6041,0.01085052
2023-05-11,SPY,392.6067,6.55e-06
2023-05-12,SPY,386.3788,-0.01586288
2023-05-15,SPY,390.7807,0.01139269
2023-05-16,SPY,388.5203,-0.00578419
2023-05-17,SPY,391.4776,0.00761173
2023-05-18,SPY,385.0008,-0.01654453
2023-05-19,SPY,388.3641,0.00873561
2023-05-22,SPY,382.1495,-0.01600187
2023-05-23,SPY,380.5667,-0.0041419
2023-05-24,SPY,380.8493,0.00074258
2023-05-25,SPY,384.2414,0.00890684
2023-05-26,SPY,388.4478,0.01094715
2023-05-29,SPY,389.0627,0.00158291
2023-05-30,SPY,383.4513,-0.01442277
2023-05-31,SPY,384.5007,0.00273669
2023-06-01,SPY,381.1876,-0.00861667
2023-06-02,SPY,384.4912,0.00866675
2023-06-05,SPY,379.2752,-0.01356614
2023-06-06,SPY,384.4245,0.01357677
2023-06-07,SPY,390.0636,0.014669
2023-06-08,SPY,392.0211,0.00501833
2023-06-09,SPY,388.5275,-0.00891171
2023-06-12,SPY,390.1198,0.00409831
2023-06-13,SPY,394.6268,0.0115529
2023-06-14,SPY,395.4468,0.0020778
2023-06-15,SPY,394.6116,-0.00211216
2023-06-16,SPY,390.4992,-0.01042132
2023-06-19,SPY,389.8434,-0.00167941
2023-06-20,SPY,388.7363,-0.00283982
2023-06-21,SPY,389.5328,0.00204885
2023-06-22,SPY,387.7101,-0.0046791
2023-06-23,SPY,384.82,-0.00745426
2023-06-26,SPY,382.2291,-0.00673278
2023-06-27,SPY,381.2616,-0.00253116
2023-06-28,SPY,385.095,0.01005445
2023-06-29,SPY,374.0429,-0.02869972
2023-06-30,SPY,359.5947,-0.03862694
2023-07-03,SPY,363.6814,0.01136463
2023-07-04,SPY,363.9689,0.00079049
2023-07-05,SPY,361.3772,-0.00712054
2023-07-06,SPY,367.5802,0.01716471
2023-07-07,SPY,353.3163,-0.03880477
2023-07-10,SPY,354.3559,0.00294248
2023-07-11,SPY,364.843,0.02959472
2023-07-12,SPY,360.2444,-0.01260425
2023-07-13,SPY,357.3196,-0.0081191
2023-07-14,SPY,364.9499,0.02135432
2023-07-17,SPY,362.3623,-0.0070902
2023-07-18,SPY,368.6611,0.01738262
2023-07-19,SPY,368.715,0.00014622
2023-07-20,SPY,364.9197,-0.01029347
2023-07-21,SPY,362.0493,-0.0078658
2023-07-24,SPY,359.1445,-0.00802315
2023-07-25,SPY,359.3573,0.0005926
2023-07-26,SPY,357.143,-0.00616181
2023-07-27,SPY,353.9073,-0.00906013
2023-07-28,SPY,347.8906,-0.01700079
2023-07-31,SPY,349.2067,0.0037832
2023-08-01,SPY,360.2001,0.031481
2023-08-02,SPY,368.87,0.02406956
2023-08-03,SPY,369.1087,0.00064718
2023-08-04,SPY,368.9534,-0.00042058
2023-08-07,SPY,362.8475,-0.01654947
2023-08-08,SPY,358.8779,-0.0109399
2023-08-09,SPY,364.0714,0.01447132
2023-08-10,SPY,351.6864,-0.03401802
2023-08-11,SPY,349.3347,-0.00668685
2023-08-14,SPY,349.4042,0.00019892
2023-08-15,SPY,349.2858,-0.00033872
2023-08-16,SPY,352.1396,0.00817024
2023-08-17,SPY,337.3038,-0.04213037
2023-08-18,SPY,342.6533,0.01585942
2023-08-21,SPY,336.0328,-0.01932108
2023-08-22,SPY,344.0006,0.02371138
2023-08-23,SPY,344.7047,0.0020468
2023-08-24,SPY,351.3487,0.01927436
2023-08-25,SPY,361.0268,0.0275455
2023-08-28,SPY,379.74,0.05183346
2023-08-29,SPY,385.2631,0.01454433
2023-08-30,SPY,367.0407,-0.04729862
2023-08-31,SPY,366.3467,-0.00189088
2023-09-01,SPY,369.7505,0.00929135
2023-09-04,SPY,376.8233,0.01912848
2023-09-05,SPY,371.8651,-0.01315799
2023-09-06,SPY,375.1835,0.00892372
2023-09-07,SPY,360.793,-0.03835589
2023-09-08,SPY,366.0266,0.01450579
2023-09-11,SPY,360.138,-0.01608775
2023-09-12,SPY,354.8558,-0.01466709
2023-09-13,SPY,356.2055,0.00380348
2023-09-14,SPY,359.1455,0.00825357
2023-09-15,SPY,365.804,0.01853978
2023-09-18,SPY,364.3534,-0.00396533
2023-09-19,SPY,360.8463,-0.00962577
2023-09-20,SPY,363.1156,0.00628908
2023-09-21,SPY,362.9854,-0.00035869
2023-09-22,SPY,365.7952,0.00774072
2023-09-25,SPY,365.9756,0.00049327
2023-09-26,SPY,369.6754,0.01010932
2023-09-27,SPY,369.1616,-0.00138982
2023-09-28,SPY,370.586,0.00385837
2023-09-29,SPY,371.1856,0.00161824
2023-10-02,SPY,368.3056,-0.00775896
2023-10-03,SPY,368.3102,1.233e-05
2023-10-04,SPY,365.4953,-0.00764268
2023-10-05,SPY,363.9416,-0.00425094
2023-10-06,SPY,361.7304,-0.00607578
2023-10-09,SPY,357.0612,-0.01290782
2023-10-10,SPY,356.7553,-0.00085676
2023-10-11,SPY,357.5901,0.00233995
2023-10-12,SPY,358.898,0.00365762
2023-10-13,SPY,361.4156,0.00701472
2023-10-16,SPY,361.9891,0.00158674
2023-10-17,SPY,367.3414,0.01478588
2023-10-18,SPY,368.3044,0.00262154
2023-10-19,SPY,364.1476,-0.0112864
2023-10-20,SPY,363.1566,-0.00272127
2023-10-23,SPY,364.8614,0.00469444
2023-10-24,SPY,361.2059,-0.01001902
2023-10-25,SPY,357.1468,-0.0112377
2023-10-26,SPY,365.7037,0.02395931
2023-10-27,SPY,367.9793,0.00622253
2023-10-30,SPY,369.0432,0.00289113
2023-10-31,SPY,373.0345,0.01081532
2023-11-01,SPY,373.6695,0.00170215
2023-11-02,SPY,376.2356,0.0068674
2023-11-03,SPY,384.6222,0.02229069
2023-11-06,SPY,386.6218,0.00519896
2023-11-07,SPY,393.5538,0.01792966
2023-11-08,SPY,391.78,-0.00450712
2023-11-09,SPY,394.0222,0.00572297
2023-11-10,SPY,384.552,-0.02403473
2023-11-13,SPY,383.8381,-0.00185642
2023-11-14,SPY,382.6163,-0.00318318
2023-11-15,SPY,376.2168,-0.01672549
2023-11-16,SPY,380.2529,0.01072806
2023-11-17,SPY,384.5038,0.0111792
2023-11-20,SPY,383.1409,-0.00354461
2023-11-21,SPY,385.7484,0.00680561
2023-11-22,SPY,388.2217,0.00641168
2023-11-23,SPY,388.1723,-0.0001271
2023-11-24,SPY,398.1999,0.02583266
2023-11-27,SPY,396.3176,-0.00472702
2023-11-28,SPY,401.5397,0.01317658
2023-11-29,SPY,412.2954,0.02678614
2023-11-30,SPY,415.0813,0.0067572
2023-12-01,SPY,411.6148,-0.00835152
2023-12-04,SPY,417.6254,0.01460256
2023-12-05,SPY,415.4227,-0.00527439
2023-12-06,SPY,418.334,0.0070081
2023-12-07,SPY,402.2969,-0.03833579
2023-12-08,SPY,396.3072,-0.01488858
2023-12-11,SPY,390.7002,-0.0141482
2023-12-12,SPY,395.8575,0.01320018
2023-12-13,SPY,400.5324,0.01180959
2023-12-14,SPY,400.3192,-0.00053226
2023-12-15,SPY,403.0935,0.00693013
2023-12-18,SPY,413.7225,0.02636859
2023-12-19,SPY,417.06,0.00806707
2023-12-20,SPY,418.4541,0.00334262
2023-12-21,SPY,421.9201,0.00828278
2023-12-22,SPY,419.5287,-0.00566777
2023-12-25,SPY,417.5085,-0.00481551
2023-12-26,SPY,419.273,0.00422622
2023-12-27,SPY,416.355,-0.0069596
2023-12-28,SPY,411.9194,-0.01065349
2023-12-29,SPY,415.3824,0.0084071
2024-01-01,SPY,422.0873,0.01614156
2024-01-02,SPY,420.8997,-0.00281358
2024-01-03,SPY,413.0734,-0.01859427
2024-01-04,SPY,417.5048,0.01072786
2024-01-05,SPY,415.9948,-0.00361674
2024-01-08,SPY,429.9024,0.03343205
2024-01-09,SPY,443.5629,0.03177585
2024-01-10,SPY,444.0744,0.00115313
2024-01-11,SPY,449.171,0.01147696
2024-01-12,SPY,445.0544,-0.00916488
2024-01-15,SPY,449.2556,0.00943973
2024-01-16,SPY,456.7632,0.01671121
2024-01-17,SPY,455.8155,-0.00207475
2024-01-18,SPY,455.8641,0.00010659
2024-01-19,SPY,455.7481,-0.00025437
2024-01-22,SPY,457.5423,0.00393682
2024-01-23,SPY,459.7236,0.00476743
2024-01-24,SPY,461.7365,0.00437851
2024-01-25,SPY,465.0424,0.00715952
2024-01-26,SPY,468.5432,0.00752809
2024-01-29,SPY,468.9007,0.00076282
2024-01-30,SPY,476.7566,0.01675405
2024-01-31,SPY,475.8745,-0.00185026
2024-02-01,SPY,478.983,0.00653225
2024-02-02,SPY,479.7402,0.00158084
2024-02-05,SPY,483.5002,0.00783756
2024-02-06,SPY,482.369,-0.00233976
2024-02-07,SPY,482.4245,0.00011512
2024-02-08,SPY,483.2548,0.0017211
2024-02-09,SPY,482.5226,-0.00151512
2024-02-12,SPY,482.3282,-0.00040277
2024-02-13,SPY,481.2995,-0.00213292
2024-02-14,SPY,485.5739,0.00888107
2024-02-15,SPY,480.3949,-0.0106657
2024-02-16,SPY,480.706,0.00064757
2024-02-19,SPY,483.3193,0.00543633
2024-02-20,SPY,488.5917,0.01090873
2024-02-21,SPY,487.7521,-0.00171849
2024-02-22,SPY,491.0023,0.00666362
2024-02-23,SPY,496.8109,0.01183016
2024-02-26,SPY,486.5045,-0.02074521
2024-02-27,SPY,484.8637,-0.00337244
2024-02-28,SPY,477.0925,-0.01602764
2024-02-29,SPY,477.5409,0.00093977
2024-03-01,SPY,478.4647,0.00193453
2024-03-04,SPY,483.1897,0.00987528
2024-03-05,SPY,483.9204,0.00151227
2024-03-06,SPY,479.0438,-0.01007731
2024-03-07,SPY,478.3433,-0.00146229
2024-03-08,SPY,476.6865,-0.00346351
2024-03-11,SPY,472.0528,-0.00972071
2024-03-12,SPY,477.2008,0.01090551
2024-03-13,SPY,482.5715,0.01125477
2024-03-14,SPY,484.0861,0.0031385
2024-03-15,SPY,487.6187,0.00729741
2024-03-18,SPY,490.9138,0.00675767
2024-03-19,SPY,493.8981,0.00607908
2024-03-20,SPY,490.5919,-0.00669418
2024-03-21,SPY,490.5923,8.1e-07
2024-03-22,SPY,488.1731,-0.00493115
2024-03-25,SPY,486.8862,-0.00263626
2024-03-26,SPY,488.0718,0.00243505
2024-03-27,SPY,472.9698,-0.03094215
2024-03-28,SPY,476.4974,0.00745848
2024-03-29,SPY,470.9373,-0.0116687
2024-04-01,SPY,481.5752,0.02258882
2024-04-02,SPY,478.3344,-0.00672955
2024-04-03,SPY,483.6726,0.01115989
2024-04-04,SPY,508.9546,0.05227096
2024-04-05,SPY,515.4914,0.01284355
2024-04-08,SPY,521.047,0.01077728
2024-04-09,SPY,520.6428,-0.0007758
2024-04-10,SPY,513.9463,-0.01286197
2024-04-11,SPY,507.4988,-0.01254498
2024-04-12,SPY,494.0563,-0.02648785
2024-04-15,SPY,505.6715,0.02350987
2024-04-16,SPY,510.1381,0.00883302
2024-04-17,SPY,507.7122,-0.00475525
2024-04-18,SPY,510.3299,0.0051558
2024-04-19,SPY,504.848,-0.01074186
2024-04-22,SPY,509.3314,0.00888059
2024-04-23,SPY,507.0962,-0.00438839
2024-04-24,SPY,509.417,0.00457656
2024-04-25,SPY,497.5511,-0.02329303
2024-04-26,SPY,490.5115,-0.01414856
2024-04-29,SPY,500.4005,0.02016067
2024-04-30,SPY,486.9674,-0.02684481
2024-05-01,SPY,488.8748,0.00391694
2024-05-02,SPY,482.2355,-0.01358077
2024-05-03,SPY,479.5218,-0.00562731
2024-05-06,SPY,472.6925,-0.01424187
2024-05-07,SPY,479.8109,0.01505921
2024-05-08,SPY,497.6073,0.03709051
2024-05-09,SPY,500.897,0.0066111
2024-05-10,SPY,507.2156,0.01261442
2024-05-13,SPY,513.7495,0.01288197
2024-05-14,SPY,507.8745,-0.01143562
2024-05-15,SPY,491.7386,-0.03177138
2024-05-16,SPY,477.7202,-0.02850791
2024-05-17,SPY,479.4578,0.00363727
2024-05-20,SPY,487.6991,0.01718895
2024-05-21,SPY,515.034,0.05604864
2024-05-22,SPY,520.6534,0.01091071
2024-05-23,SPY,510.5563,-0.01939306
2024-05-24,SPY,527.878,0.03392713
2024-05-27,SPY,531.9032,0.00762518
2024-05-28,SPY,530.9318,-0.0018263
2024-05-29,SPY,529.6669,-0.00238244
2024-05-30,SPY,528.8655,-0.00151291
2024-05-31,SPY,543.3835,0.02745109
2024-06-03,SPY,532.0392,-0.02087703
2024-06-04,SPY,523.7193,-0.01563776
2024-06-05,SPY,518.053,-0.01081946
2024-06-06,SPY,514.1469,-0.00753992
2024-06-07,SPY,505.2019,-0.01739774
2024-06-10,SPY,497.2185,-0.01580243
2024-06-11,SPY,501.2221,0.00805211
2024-06-12,SPY,508.7713,0.01506151
2024-06-13,SPY,506.7937,-0.00388707
2024-06-14,SPY,498.4262,-0.01651064
2024-06-17,SPY,499.2426,0.00163791
2024-06-18,SPY,496.6691,-0.00515471
2024-06-19,SPY,497.562,0.00179781
2024-06-20,SPY,508.7892,0.02256436
2024-06-21,SPY,506.6799,-0.00414564
2024-06-24,SPY,503.4968,-0.0062824
2024-06-25,SPY,502.615,-0.00175135
2024-06-26,SPY,503.8351,0.00242768
2024-06-27,SPY,502.8493,-0.00195673
2024-06-28,SPY,507.815,0.00987509
2024-07-01,SPY,515.4828,0.01509971
2024-07-02,SPY,519.4051,0.00760893
2024-07-03,SPY,515.6676,-0.0071958
2024-07-04,SPY,515.3032,-0.00070658
2024-07-05,SPY,513.9618,-0.00260308
2024-07-08,SPY,517.5982,0.00707514
2024-07-09,SPY,525.3477,0.01497202
2024-07-10,SPY,521.0253,-0.00822759
2024-07-11,SPY,527.2846,0.01201336
2024-07-12,SPY,532.1897,0.00930259
2024-07-15,SPY,537.715,0.01038218
2024-07-16,SPY,544.4862,0.01259251
2024-07-17,SPY,544.7422,0.00047031
2024-07-18,SPY,541.3523,-0.00622296
2024-07-19,SPY,547.9711,0.01222632
2024-07-22,SPY,546.6227,-0.00246059
2024-07-23,SPY,541.9427,-0.00856172
2024-07-24,SPY,541.9922,9.127e-05
2024-07-25,SPY,544.6058,0.00482233
2024-07-26,SPY,544.6507,8.23e-05
2024-07-29,SPY,543.7468,-0.00165954
2024-07-30,SPY,534.0745,-0.01778832
2024-07-31,SPY,537.1051,0.00567455
2024-08-01,SPY,534.8084,-0.00427611
2024-08-02,SPY,539.7132,0.00917126
2024-08-05,SPY,539.8315,0.00021921
2024-08-06,SPY,538.8676,-0.00178561
2024-08-07,SPY,537.419,-0.0026882
2024-08-08,SPY,546.1952,0.01633016
2024-08-09,SPY,548.3743,0.00398971
2024-08-12,SPY,552.2982,0.00715545
2024-08-13,SPY,550.5337,-0.00319482
2024-08-14,SPY,552.4568,0.00349323
2024-08-15,SPY,551.5036,-0.00172544
2024-08-16,SPY,548.6298,-0.00521091
2024-08-19,SPY,550.2371,0.00292965
2024-08-20,SPY,544.3683,-0.01066585
2024-08-21,SPY,543.4584,-0.00167149
2024-08-22,SPY,538.8068,-0.00855919
2024-08-23,SPY,544.2853,0.01016769
2024-08-26,SPY,541.1362,-0.0057856
2024-08-27,SPY,540.7865,-0.00064623
2024-08-28,SPY,545.1658,0.008098
2024-08-29,SPY,551.8316,0.01222711
2024-08-30,SPY,556.5412,0.00853439
2024-09-02,SPY,554.3179,-0.00399482
2024-09-03,SPY,552.2174,-0.00378928
2024-09-04,SPY,557.6867,0.00990414
2024-09-05,SPY,557.9163,0.00041172
2024-09-06,SPY,556.5933,-0.00237137
2024-09-09,SPY,556.2522,-0.00061282
2024-09-10,SPY,555.8791,-0.00067076
2024-09-11,SPY,560.3926,0.00811971
2024-09-12,SPY,561.718,0.00236515
2024-09-13,SPY,571.3658,0.01717546
2024-09-16,SPY,563.0737,-0.01451287
2024-09-17,SPY,566.8803,0.0067604
2024-09-18,SPY,574.6714,0.01374395
2024-09-19,SPY,579.6406,0.00864704
2024-09-20,SPY,576.5073,-0.00540568
2024-09-23,SPY,577.4777,0.00168324
2024-09-24,SPY,566.2264,-0.01948357
2024-09-25,SPY,564.6579,-0.00277003
2024-09-26,SPY,561.1928,-0.00613655
2024-09-27,SPY,563.6061,0.00430026
2024-09-30,SPY,558.7862,-0.00855194
2024-10-01,SPY,559.7414,0.00170941
2024-10-02,SPY,554.6989,-0.00900863
2024-10-03,SPY,553.2075,-0.00268856
2024-10-04,SPY,551.2185,-0.0035955
2024-10-07,SPY,546.1966,-0.0091105
2024-10-08,SPY,540.7318,-0.01000515
2024-10-09,SPY,538.1589,-0.0047583
2024-10-10,SPY,544.1929,0.01121233
2024-10-11,SPY,538.6152,-0.01024952
2024-10-14,SPY,535.6302,-0.00554193
2024-10-15,SPY,540.2765,0.00867453
2024-10-16,SPY,539.2959,-0.0018151
2024-10-17,SPY,541.6464,0.00435848
2024-10-18,SPY,546.8505,0.00960801
2024-10-21,SPY,547.6504,0.00146264
2024-10-22,SPY,552.1183,0.00815836
2024-10-23,SPY,554.8779,0.00499811
2024-10-24,SPY,551.6591,-0.00580081
2024-10-25,SPY,549.3246,-0.00423176
2024-10-28,SPY,551.4891,0.00394031
2024-10-29,SPY,549.6582,-0.00332004
2024-10-30,SPY,553.3181,0.0066586
2024-10-31,SPY,546.4852,-0.01234899
2024-11-01,SPY,544.3602,-0.00388847
2024-11-04,SPY,542.3521,-0.00368895
2024-11-05,SPY,540.7366,-0.00297871
2024-11-06,SPY,538.9048,-0.00338762
2024-11-07,SPY,536.4097,-0.00462984
2024-11-08,SPY,532.1027,-0.00802936
2024-11-11,SPY,536.0752,0.00746573
2024-11-12,SPY,533.48,-0.00484124
2024-11-13,SPY,529.7868,-0.00692285
2024-11-14,SPY,537.088,0.01378135
2024-11-15,SPY,536.9655,-0.00022795
2024-11-18,SPY,544.6208,0.01425656
2024-11-19,SPY,545.1788,0.00102454
2024-11-20,SPY,544.0598,-0.0020526
2024-11-21,SPY,546.2338,0.00399594
2024-11-22,SPY,553.7822,0.01381908
2024-11-25,SPY,558.854,0.00915847
2024-11-26,SPY,549.1426,-0.01737741
2024-11-27,SPY,548.354,-0.00143614
2024-11-28,SPY,555.274,0.01261971
2024-11-29,SPY,554.3794,-0.00161107
2024-12-02,SPY,562.6564,0.01493009
2024-12-03,SPY,555.7658,-0.01224649
2024-12-04,SPY,560.6685,0.00882157
2024-12-05,SPY,554.3838,-0.01120933
2024-12-06,SPY,554.6667,0.00051018
2024-12-09,SPY,554.6937,4.868e-05
2024-12-10,SPY,545.9879,-0.01569475
2024-12-11,SPY,549.384,0.00622011
2024-12-12,SPY,546.5724,-0.00511764
2024-12-13,SPY,539.2886,-0.01332633
2024-12-16,SPY,538.6396,-0.00120348
2024-12-17,SPY,540.476,0.00340924
2024-12-18,SPY,538.3663,-0.00390329
2024-12-19,SPY,536.8738,-0.00277239
2024-12-20,SPY,532.8167,-0.0075568
2024-12-23,SPY,525.4149,-0.01389175
2024-12-24,SPY,527.5552,0.00407347
2024-12-25,SPY,532.2376,0.00887563
2024-12-26,SPY,536.0243,0.0071147
2024-12-27,SPY,533.1206,-0.00541718
2024-12-30,SPY,531.2942,-0.00342578
2024-12-31,SPY,530.0261,-0.00238692
2025-01-01,SPY,526.5257,-0.00660413
2025-01-02,SPY,527.0478,0.0009916
2025-01-03,SPY,528.7778,0.00328238
2025-01-06,SPY,530.0874,0.00247667
2025-01-07,SPY,530.2741,0.00035227
2025-01-08,SPY,531.384,0.00209308
2025-01-09,SPY,529.4897,-0.00356483
2025-01-10,SPY,529.8484,0.00067732
2025-01-13,SPY,532.7909,0.00555348
2025-01-14,SPY,536.098,0.0062073
2025-01-15,SPY,540.1259,0.00751329
2025-01-16,SPY,540.8655,0.00136926
2025-01-17,SPY,543.6568,0.00516086
2025-01-20,SPY,541.7744,-0.00346249
2025-01-21,SPY,534.5598,-0.01331663
2025-01-22,SPY,530.9622,-0.00672992
2025-01-23,SPY,529.9681,-0.00187238
2025-01-24,SPY,533.7164,0.00707279
2025-01-27,SPY,532.4195,-0.00243001
2025-01-28,SPY,527.4911,-0.00925663
2025-01-29,SPY,529.1006,0.00305129
2025-01-30,SPY,524.97,-0.00780696
2025-01-31,SPY,524.1187,-0.00162155
2025-02-03,SPY,531.1102,0.01333954
2025-02-04,SPY,535.9734,0.00915672
2025-02-05,SPY,533.7464,-0.0041551
2025-02-06,SPY,534.3606,0.0011507
2025-02-07,SPY,534.8066,0.0008346
2025-02-10,SPY,535.4754,0.00125071
2025-02-11,SPY,542.2234,0.01260187
2025-02-12,SPY,545.6328,0.00628783
2025-02-13,SPY,548.4508,0.00516457
2025-02-14,SPY,550.6152,0.00394645
2025-02-17,SPY,549.6832,-0.00169263
2025-02-18,SPY,554.2062,0.0082282
2025-02-19,SPY,555.3057,0.00198408
2025-02-20,SPY,550.338,-0.00894589
2025-02-21,SPY,552.9245,0.00469969
2025-02-24,SPY,547.1251,-0.01048843
2025-02-25,SPY,542.4546,-0.0085365
2025-02-26,SPY,547.107,0.00857646
2025-02-27,SPY,547.5612,0.00083022
2025-02-28,SPY,550.4943,0.00535672
2025-03-03,SPY,549.0484,-0.00262665
2025-03-04,SPY,554.9544,0.01075695
2025-03-05,SPY,557.8044,0.00513547
2025-03-06,SPY,562.2425,0.00795638
2025-03-07,SPY,565.5718,0.00592153
2025-03-10,SPY,563.7303,-0.00325597
2025-03-11,SPY,561.5561,-0.00385695
2025-03-12,SPY,558.8526,-0.00481422
2025-03-13,SPY,553.1707,-0.0101671
2025-03-14,SPY,548.8032,-0.00789546
2025-03-17,SPY,542.7543,-0.01102197
2025-03-18,SPY,544.2346,0.00272749
2025-03-19,SPY,544.4582,0.00041074
2025-03-20,SPY,548.2925,0.00704249
2025-03-21,SPY,550.2381,0.00354843
2025-03-24,SPY,541.4499,-0.01597154
2025-03-25,SPY,539.4631,-0.00366947
2025-03-26,SPY,540.4502,0.00182984
2025-03-27,SPY,546.295,0.01081456
2025-03-28,SPY,549.3316,0.00555865
2025-03-31,SPY,546.0543,-0.00596605
2025-04-01,SPY,548.4403,0.00436959
2025-04-02,SPY,546.3739,-0.0037678
2025-04-03,SPY,547.0177,0.00117823
2025-04-04,SPY,546.8062,-0.00038649
2025-04-07,SPY,543.6608,-0.00575231
2025-04-08,SPY,550.0693,0.01178763
2025-04-09,SPY,549.1712,-0.00163282
2025-04-10,SPY,548.8286,-0.00062379
2025-04-11,SPY,559.6925,0.01979481
2025-04-14,SPY,555.2951,-0.00785687
2025-04-15,SPY,549.9711,-0.00958765
2025-04-16,SPY,554.488,0.00821286
2025-04-17,SPY,550.6261,-0.00696469
2025-04-18,SPY,550.1645,-0.00083838
2025-04-21,SPY,546.173,-0.00725511
2025-04-22,SPY,548.724,0.00467076
2025-04-23,SPY,545.7778,-0.00536923
2025-04-24,SPY,543.2705,-0.00459399
2025-04-25,SPY,548.3961,0.00943477
2025-04-28,SPY,556.743,0.01522048
2025-04-29,SPY,555.3534,-0.00249599
2025-04-30,SPY,553.3847,-0.00354493
2025-05-01,SPY,551.6265,-0.00317716
2025-05-02,SPY,559.1467,0.01363273
2025-05-05,SPY,552.17,-0.01247737
2025-05-06,SPY,553.6205,0.00262696
2025-05-07,SPY,540.3774,-0.02392095
2025-05-08,SPY,544.1532,0.00698745
2025-05-09,SPY,550.4199,0.01151644
2025-05-12,SPY,553.5496,0.00568597
2025-05-13,SPY,554.1516,0.00108743
2025-05-14,SPY,556.4698,0.00418335
2025-05-15,SPY,552.9328,-0.00635604
2025-05-16,SPY,552.4763,-0.00082567
2025-05-19,SPY,542.3951,-0.01824736
2025-05-20,SPY,544.5258,0.00392837
2025-05-21,SPY,541.6687,-0.00524685
2025-05-22,SPY,538.206,-0.00639265
2025-05-23,SPY,541.4938,0.00610872
2025-05-26,SPY,548.5845,0.01309472
2025-05-27,SPY,552.1349,0.006472
2025-05-28,SPY,553.8526,0.00311097
2025-05-29,SPY,560.3383,0.01171009
2025-05-30,SPY,562.9333,0.00463121
2025-06-02,SPY,567.8848,0.00879594
2025-06-03,SPY,561.1865,-0.01179528
2025-06-04,SPY,560.7211,-0.00082933
2025-06-05,SPY,558.1784,-0.00453467
2025-06-06,SPY,557.8505,-0.00058747
2025-06-09,SPY,558.6487,0.00143088
2025-06-10,SPY,563.1788,0.00810903
2025-06-11,SPY,559.8008,-0.00599807
2025-06-12,SPY,555.7103,-0.00730702
2025-06-13,SPY,548.6725,-0.01266465
2025-06-16,SPY,558.0724,0.01713208
2025-06-17,SPY,563.7051,0.0100932
2025-06-18,SPY,559.9373,-0.00668397
2025-06-19,SPY,559.1611,-0.00138614
2025-06-20,SPY,559.7831,0.00111222
2025-06-23,SPY,559.2934,-0.00087469
2025-06-24,SPY,560.4875,0.00213493
2025-06-25,SPY,569.1736,0.01549736
2025-06-26,SPY,565.9305,-0.00569786
2025-06-27,SPY,567.9297,0.00353271
2025-06-30,SPY,567.7099,-0.00038708
2025-07-01,SPY,572.2194,0.00794335
2025-07-02,SPY,571.1033,-0.0019505
2025-07-03,SPY,569.528,-0.00275832
2025-07-04,SPY,570.0288,0.00087931
2025-07-07,SPY,569.8621,-0.00029253
2025-07-08,SPY,571.2933,0.00251156
2025-07-09,SPY,568.5639,-0.0047776
2025-07-10,SPY,569.6624,0.00193201
2025-07-11,SPY,566.9535,-0.00475519
2025-07-14,SPY,565.8879,-0.00187961
2025-07-15,SPY,573.8582,0.01408463
2025-07-16,SPY,563.616,-0.01784791
2025-07-17,SPY,561.6594,-0.00347148
2025-07-18,SPY,556.5114,-0.00916569
2025-07-21,SPY,559.6757,0.00568585
2025-07-22,SPY,551.4683,-0.01466447
2025-07-23,SPY,554.4161,0.00534526
2025-07-24,SPY,550.453,-0.00714813
2025-07-25,SPY,538.8365,-0.02110361
2025-07-28,SPY,517.5179,-0.03956404
2025-07-29,SPY,519.0168,0.00289629
2025-07-30,SPY,517.4691,-0.00298204
2025-07-31,SPY,515.3952,-0.00400778
2025-08-01,SPY,497.4585,-0.03480182
2025-08-04,SPY,509.3084,0.02382092
2025-08-05,SPY,508.3508,-0.00188025
2025-08-06,SPY,509.3624,0.00199
2025-08-07,SPY,495.3954,-0.02742054
2025-08-08,SPY,488.6548,-0.01360654
2025-08-11,SPY,494.8501,0.01267824
2025-08-12,SPY,492.3981,-0.00495495
2025-08-13,SPY,505.8468,0.02731266
2025-08-14,SPY,508.4579,0.00516174
2025-08-15,SPY,505.5458,-0.0057272
2025-08-18,SPY,515.9002,0.02048161
2025-08-19,SPY,517.6395,0.0033714
2025-08-20,SPY,521.1176,0.0067191
2025-08-21,SPY,528.1898,0.01357115
2025-08-22,SPY,533.5911,0.01022605
2025-08-25,SPY,534.6994,0.00207713
2025-08-26,SPY,537.4545,0.00515264
2025-08-27,SPY,540.5232,0.00570973
2025-08-28,SPY,537.3347,-0.00589903
2025-08-29,SPY,533.4662,-0.00719928
2025-09-01,SPY,526.9504,-0.0122142
2025-09-02,SPY,528.763,0.00343979
2025-09-03,SPY,530.6226,0.00351695
2025-09-04,SPY,532.6412,0.00380409
2025-09-05,SPY,535.3192,0.0050279
2025-09-08,SPY,532.1885,-0.00584831
2025-09-09,SPY,533.1214,0.00175293
2025-09-10,SPY,536.4522,0.00624778
2025-09-11,SPY,531.5463,-0.00914509
2025-09-12,SPY,533.4234,0.00353139
2025-09-15,SPY,534.153,0.00136768
2025-09-16,SPY,536.2089,0.00384903
2025-09-17,SPY,531.4846,-0.00881061
2025-09-18,SPY,534.6034,0.00586816
2025-09-19,SPY,525.29,-0.01742119
2025-09-22,SPY,531.5946,0.01200215
2025-09-23,SPY,528.6021,-0.00562934
2025-09-24,SPY,526.124,-0.00468795
2025-09-25,SPY,531.8512,0.01088556
2025-09-26,SPY,532.7936,0.00177186
2025-09-29,SPY,532.8431,9.306e-05
2025-09-30,SPY,533.3611,0.00097214
2025-10-01,SPY,529.9679,-0.00636195
2025-10-02,SPY,529.3321,-0.00119968
2025-10-03,SPY,528.0737,-0.00237739
2025-10-06,SPY,535.091,0.01328848
2025-10-07,SPY,540.5804,0.01025889
2025-10-08,SPY,546.1696,0.01033928
2025-10-09,SPY,547.7775,0.00294381
2025-10-10,SPY,556.4871,0.01590001
2025-10-13,SPY,557.2652,0.0013981
2025-10-14,SPY,553.5853,-0.00660349
2025-10-15,SPY,553.6627,0.00013991
2025-10-16,SPY,555.8686,0.00398417
2025-10-17,SPY,553.0724,-0.00503036
2025-10-20,SPY,551.7823,-0.00233252
2025-10-21,SPY,557.0698,0.00958254
2025-10-22,SPY,559.674,0.00467486
2025-10-23,SPY,555.3139,-0.00779046
2025-10-24,SPY,557.3774,0.00371595
2025-10-27,SPY,564.605,0.01296704
2025-10-28,SPY,558.2461,-0.01126249
2025-10-29,SPY,560.4323,0.00391613
2025-10-30,SPY,562.5421,0.0037647
2025-10-31,SPY,562.0097,-0.00094637
2025-11-03,SPY,569.2531,0.01288826
2025-11-04,SPY,574.8677,0.0098632
2025-11-05,SPY,583.5506,0.01510416
2025-11-06,SPY,589.1416,0.00958095
2025-11-07,SPY,585.3807,-0.00638371
2025-11-10,SPY,585.3812,8e-07
2025-11-11,SPY,589.1497,0.00643768
2025-11-12,SPY,591.3393,0.00371668
2025-11-13,SPY,590.1868,-0.00194907
2025-11-14,SPY,590.3362,0.00025321
2025-11-17,SPY,586.9731,-0.00569698
2025-11-18,SPY,585.4589,-0.00257962
2025-11-19,SPY,589.9583,0.00768528
2025-11-20,SPY,577.2388,-0.02156006
2025-11-21,SPY,576.7983,-0.00076308
2025-11-24,SPY,579.8581,0.00530471
2025-11-25,SPY,583.9627,0.00707862
2025-11-26,SPY,581.9673,-0.00341695
2025-11-27,SPY,580.3495,-0.00277991
2025-11-28,SPY,582.4395,0.00360131
2025-12-01,SPY,590.1051,0.01316126
2025-12-02,SPY,580.7829,-0.01579759
2025-12-03,SPY,604.8742,0.04148071
2025-12-04,SPY,610.4862,0.00927805
2025-12-05,SPY,604.1866,-0.010319
2025-12-08,SPY,603.9571,-0.00037984
2025-12-09,SPY,594.3824,-0.01585333
2025-12-10,SPY,597.46,0.00517787
2025-12-11,SPY,609.2326,0.0197043
2025-12-12,SPY,607.3797,-0.00304132
2025-12-15,SPY,612.0534,0.00769483
2025-12-16,SPY,611.1965,-0.00139993
2025-12-17,SPY,611.7957,0.00098031
2025-12-18,SPY,607.5106,-0.00700411
2025-12-19,SPY,606.3587,-0.00189613
2025-12-22,SPY,613.8933,0.01242602
2025-12-23,SPY,616.2376,0.00381867
2025-12-24,SPY,602.4118,-0.02243579
2025-12-25,SPY,577.7977,-0.04085923
2025-12-26,SPY,593.4367,0.02706647
2025-12-29,SPY,597.4057,0.0066883
2025-12-30,SPY,590.8754,-0.01093117
2025-12-31,SPY,592.021,0.00193874
2026-01-01,SPY,600.7784,0.01479243
2026-01-02,SPY,599.3854,-0.0023186
2026-01-05,SPY,595.3709,-0.00669775
2026-01-06,SPY,595.2505,-0.00020222
2026-01-07,SPY,603.6329,0.01408218
2026-01-08,SPY,603.7179,0.00014086
2026-01-09,SPY,605.9977,0.00377625
2026-01-12,SPY,600.3718,-0.00928381
2026-01-13,SPY,608.0164,0.01273322
2026-01-14,SPY,612.2729,0.0070006
2026-01-15,SPY,612.8124,0.00088112
2026-01-16,SPY,619.3299,0.01063541
2026-01-19,SPY,618.172,-0.00186955
2026-01-20,SPY,617.45,-0.00116808
2026-01-21,SPY,620.4391,0.00484108
2026-01-22,SPY,615.308,-0.00827011
2026-01-23,SPY,603.0209,-0.01996896
2026-01-26,SPY,615.4129,0.02054986
2026-01-27,SPY,611.9253,-0.0056671
2026-01-28,SPY,617.1893,0.00860242
2026-01-29,SPY,623.1971,0.00973405
2026-01-30,SPY,629.724,0.01047323
2026-02-02,SPY,624.2768,-0.00865004
2026-02-03,SPY,629.1034,0.00773144
2026-02-04,SPY,619.2324,-0.01569064
2026-02-05,SPY,626.6214,0.01193254
2026-02-06,SPY,628.1654,0.00246409
2026-02-09,SPY,628.8747,0.00112916
2026-02-10,SPY,627.6661,-0.00192185
2026-02-11,SPY,635.8095,0.01297413
2026-02-12,SPY,629.6534,-0.00968243
2026-02-13,SPY,643.006,0.02120634
2026-02-16,SPY,641.1551,-0.00287858
2026-02-17,SPY,636.6356,-0.00704898
2026-02-18,SPY,635.3727,-0.00198373
2026-02-19,SPY,643.1328,0.01221359
2026-02-20,SPY,645.0537,0.00298668
2026-02-23,SPY,654.0606,0.01396304
2026-02-24,SPY,658.1629,0.00627211
2026-02-25,SPY,669.0739,0.01657795
2026-02-26,SPY,669.5368,0.00069181
2026-02-27,SPY,669.0823,-0.00067884
2026-03-02,SPY,659.819,-0.0138448
2026-03-03,SPY,658.6944,-0.00170439
2026-03-04,SPY,658.0207,-0.0010228
2026-03-05,SPY,661.9493,0.00597035
2026-03-06,SPY,670.2768,0.01258034
2026-03-09,SPY,667.5376,-0.00408671
2026-03-10,SPY,665.2665,-0.00340221
2026-03-11,SPY,658.7838,-0.00974448
2026-03-12,SPY,640.9914,-0.02700793
2026-03-13,SPY,640.9363,-8.606e-05
2026-03-16,SPY,659.8498,0.02950929
2026-03-17,SPY,652.4664,-0.01118956
2026-03-18,SPY,653.6082,0.0017499
2026-03-19,SPY,659.8404,0.00953514
2026-03-20,SPY,651.5596,-0.01254975
2026-03-23,SPY,649.4863,-0.00318201
2026-03-24,SPY,642.571,-0.01064731
2026-03-25,SPY,643.8714,0.00202376
2026-03-26,SPY,643.2204,-0.00101121
2026-03-27,SPY,642.6073,-0.00095307
2026-03-30,SPY,640.7015,-0.00296571
2026-03-31,SPY,637.6869,-0.00470526
2026-04-01,SPY,634.6809,-0.00471385
2026-04-02,SPY,639.3836,0.00740948
2026-04-03,SPY,635.1615,-0.00660335
2026-04-06,SPY,632.2702,-0.00455209
2026-04-07,SPY,626.0685,-0.00980852
2026-04-08,SPY,624.8533,-0.00194111
2026-04-09,SPY,623.0208,-0.00293258
2026-04-10,SPY,620.8932,-0.00341502
2026-04-13,SPY,623.1928,0.00370376
2026-04-14,SPY,621.9984,-0.00191659
2026-04-15,SPY,631.0865,0.01461105
2026-04-16,SPY,625.7063,-0.00852535
2026-04-17,SPY,629.8895,0.00668561
2026-04-20,SPY,625.7907,-0.00650709
2026-04-21,SPY,616.4935,-0.01485685
2026-04-22,SPY,609.0904,-0.01200842
2026-04-23,SPY,612.5275,0.00564314
2026-04-24,SPY,619.0568,0.01065949
2026-04-27,SPY,614.6639,-0.00709615
2026-04-28,SPY,610.125,-0.00738429
2026-04-29,SPY,610.3574,0.00038084
2026-04-30,SPY,606.8597,-0.00573048
2026-05-01,SPY,610.0895,0.00532211
2026-05-04,SPY,616.8466,0.01107553
2026-05-05,SPY,619.0371,0.00355126
2026-05-06,SPY,617.6864,-0.00218197
2026-05-07,SPY,610.7125,-0.01129038
2026-05-08,SPY,610.4261,-0.0004689
2026-05-11,SPY,615.4021,0.00815161
2026-05-12,SPY,608.3576,-0.01144697
2026-05-13,SPY,615.5738,0.01186171
2026-05-14,SPY,619.8134,0.00688735
2026-05-15,SPY,608.8548,-0.01768047
2026-05-18,SPY,597.2175,-0.01911344
2026-05-19,SPY,592.5784,-0.00776794
2026-05-20,SPY,604.527,0.02016386
2026-05-21,SPY,607.9029,0.00558428
2026-05-22,SPY,602.6525,-0.00863694
2026-05-25,SPY,606.0229,0.00559258
2026-05-26,SPY,591.9565,-0.02321087
2026-05-27,SPY,592.5953,0.001079
2026-05-28,SPY,582.8488,-0.01644705
2026-05-29,SPY,595.1513,0.02110748
2026-06-01,SPY,575.3528,-0.03326629
2026-06-02,SPY,577.7598,0.00418347
2026-06-03,SPY,601.3858,0.04089247
2026-06-04,SPY,600.4701,-0.00152263
2026-06-05,SPY,598.7289,-0.00289972
2026-06-08,SPY,600.6894,0.00327447
2026-06-09,SPY,607.1812,0.01080725
2026-06-10,SPY,611.3795,0.00691428
2026-06-11,SPY,610.3525,-0.00167965
2026-06-12,SPY,607.0315,-0.00544119
2026-06-15,SPY,601.0038,-0.00992975
2026-06-16,SPY,600.902,-0.00016942
2026-06-17,SPY,597.6369,-0.00543365
2026-06-18,SPY,598.1606,0.00087622
2026-06-19,SPY,596.9392,-0.00204191
2026-06-22,SPY,589.4253,-0.01258737
2026-06-23,SPY,582.8118,-0.01122032
2026-06-24,SPY,578.5586,-0.00729768
2026-06-25,SPY,579.2329,0.00116557
2026-06-26,SPY,576.8706,-0.00407847
2026-06-29,SPY,571.213,-0.00980728
2026-06-30,SPY,568.8436,-0.00414808
2026-07-01,SPY,565.7154,-0.00549929
2026-07-02,SPY,575.414,0.01714396
2026-07-03,SPY,580.5679,0.008957
2026-07-06,SPY,579.5214,-0.00180262
2026-07-07,SPY,573.4201,-0.01052822
2026-07-08,SPY,571.4663,-0.00340714
2026-07-09,SPY,573.5373,0.00362395
2026-07-10,SPY,587.6927,0.02468094
2026-07-13,SPY,587.8543,0.00027489
2026-07-14,SPY,601.6401,0.02345103
2026-07-15,SPY,612.7698,0.01849895
2026-07-16,SPY,601.7229,-0.01802788
2026-07-17,SPY,578.0999,-0.03925883
2026-07-20,SPY,570.907,-0.01244234
2026-07-21,SPY,575.1386,0.00741205
2026-07-22,SPY,567.7516,-0.01284389
2026-07-23,SPY,570.3605,0.00459511
2026-07-24,SPY,575.9912,0.00987217
2026-07-27,SPY,578.1071,0.00367361
2026-07-28,SPY,583.9317,0.01007518
2026-07-29,SPY,585.2387,0.00223833
2026-07-30,SPY,588.2546,0.00515322
2026-07-31,SPY,589.4348,0.00200641
2026-08-03,SPY,590.0973,0.00112386
2026-08-04,SPY,592.8278,0.00462719
2026-08-05,SPY,588.0032,-0.00813819
2026-08-06,SPY,584.3773,-0.00616648
2026-08-07,SPY,593.1441,0.01500188
2026-08-10,SPY,591.2082,-0.00326369
2026-08-11,SPY,590.8609,-0.00058755
2026-08-12,SPY,585.6755,-0.00877594
2026-08-13,SPY,580.3788,-0.00904372
2026-08-14,SPY,579.2373,-0.0019668
2026-08-17,SPY,570.389,-0.01527582
2026-08-18,SPY,575.2241,0.00847678
2023-01-03,AAPL,124.2627,-0.00589851
2023-01-04,AAPL,124.4683,0.00165486
2023-01-05,AAPL,123.9444,-0.00420921
2023-01-06,AAPL,126.5027,0.02064041
2023-01-09,AAPL,127.9713,0.01160956
2023-01-10,AAPL,130.9988,0.02365757
2023-01-11,AAPL,132.4062,0.0107432
2023-01-12,AAPL,130.7345,-0.01262497
2023-01-13,AAPL,129.9304,-0.00615085
2023-01-16,AAPL,130.4493,0.00399341
2023-01-17,AAPL,131.2434,0.00608777
2023-01-18,AAPL,133.0446,0.01372435
2023-01-19,AAPL,134.5135,0.01104012
2023-01-20,AAPL,135.5567,0.00775571
2023-01-23,AAPL,136.2949,0.0054453
2023-01-24,AAPL,138.266,0.01446195
2023-01-25,AAPL,138.9132,0.00468113
2023-01-26,AAPL,139.416,0.00361981
2023-01-27,AAPL,138.0655,-0.00968715
2023-01-30,AAPL,136.9116,-0.00835748
2023-01-31,AAPL,137.9203,0.00736747
2023-02-01,AAPL,137.3627,-0.00404274
2023-02-02,AAPL,139.1398,0.01293689
2023-02-03,AAPL,139.8924,0.00540934
2023-02-06,AAPL,139.3894,-0.00359547
2023-02-07,AAPL,139.3014,-0.00063154
2023-02-08,AAPL,138.6912,-0.00438058
2023-02-09,AAPL,140.135,0.01041027
2023-02-10,AAPL,140.7637,0.00448616
2023-02-13,AAPL,137.8092,-0.02098895
2023-02-14,AAPL,135.5056,-0.016716
2023-02-15,AAPL,135.7475,0.00178518
2023-02-16,AAPL,138.0956,0.01729763
2023-02-17,AAPL,139.467,0.00993088
2023-02-20,AAPL,140.1333,0.00477773
2023-02-21,AAPL,143.087,0.02107786
2023-02-22,AAPL,140.4218,-0.01862669
2023-02-23,AAPL,140.9701,0.00390466
2023-02-24,AAPL,143.5376,0.01821284
2023-02-27,AAPL,144.2725,0.0051198
2023-02-28,AAPL,145.7425,0.01018947
2023-03-01,AAPL,145.1514,-0.0040559
2023-03-02,AAPL,145.9631,0.00559176
2023-03-03,AAPL,148.6785,0.01860387
2023-03-06,AAPL,147.1294,-0.01041932
2023-03-07,AAPL,148.5495,0.00965186
2023-03-08,AAPL,149.9735,0.00958608
2023-03-09,AAPL,147.6395,-0.01556268
2023-03-10,AAPL,147.6346,-3.308e-05
2023-03-13,AAPL,145.1805,-0.01662255
2023-03-14,AAPL,143.5076,-0.01152309
2023-03-15,AAPL,145.4087,0.0132474
2023-03-16,AAPL,145.3299,-0.00054209
2023-03-17,AAPL,142.1579,-0.02182599
2023-03-20,AAPL,144.2706,0.01486157
2023-03-21,AAPL,144.6215,0.00243195
2023-03-22,AAPL,143.0237,-0.01104778
2023-03-23,AAPL,141.4543,-0.01097296
2023-03-24,AAPL,140.6553,-0.00564862
2023-03-27,AAPL,141.179,0.0037232
2023-03-28,AAPL,140.367,-0.00575136
2023-03-29,AAPL,140.3816,0.00010367
2023-03-30,AAPL,141.1975,0.00581213
2023-03-31,AAPL,144.2183,0.02139412
2023-04-03,AAPL,144.0894,-0.00089382
2023-04-04,AAPL,143.6949,-0.00273785
2023-04-05,AAPL,142.0201,-0.01165538
2023-04-06,AAPL,141.6491,-0.00261222
2023-04-07,AAPL,142.2182,0.0040178
2023-04-10,AAPL,141.6224,-0.00418962
2023-04-11,AAPL,143.4234,0.0127171
2023-04-12,AAPL,147.8985,0.03120245
2023-04-13,AAPL,146.7245,-0.00793806
2023-04-14,AAPL,146.0328,-0.00471472
2023-04-17,AAPL,144.816,-0.00833239
2023-04-18,AAPL,146.7202,0.01314974
2023-04-19,AAPL,146.2887,-0.00294117
2023-04-20,AAPL,149.1331,0.01944367
2023-04-21,AAPL,153.4091,0.02867249
2023-04-24,AAPL,155.0357,0.01060281
2023-04-25,AAPL,148.0663,-0.04495333
2023-04-26,AAPL,155.7994,0.05222744
2023-04-27,AAPL,153.5093,-0.01469953
2023-04-28,AAPL,156.7458,0.02108338
2023-05-01,AAPL,157.6917,0.00603469
2023-05-02,AAPL,156.7637,-0.00588478
2023-05-03,AAPL,156.439,-0.00207148
2023-05-04,AAPL,158.2611,0.0116479
2023-05-05,AAPL,156.6905,-0.00992421
2023-05-08,AAPL,161.5155,0.03079275
2023-05-09,AAPL,159.7532,-0.01091075
2023-05-10,AAPL,162.7092,0.01850376
2023-05-11,AAPL,162.5981,-0.00068282
2023-05-12,AAPL,158.6278,-0.02441796
2023-05-15,AAPL,159.6784,0.00662311
2023-05-16,AAPL,159.2672,-0.00257532
2023-05-17,AAPL,163.0301,0.02362625
2023-05-18,AAPL,158.7502,-0.02625242
2023-05-19,AAPL,161.0669,0.01459374
2023-05-22,AAPL,157.6435,-0.02125491
2023-05-23,AAPL,158.464,0.00520531
2023-05-24,AAPL,158.8103,0.0021853
2023-05-25,AAPL,160.7771,0.01238404
2023-05-26,AAPL,163.5885,0.01748693
2023-05-29,AAPL,165.2646,0.01024557
2023-05-30,AAPL,161.1341,-0.0249932
2023-05-31,AAPL,162.5443,0.00875142
2023-06-01,AAPL,161.0543,-0.00916633
2023-06-02,AAPL,165.7426,0.02910978
2023-06-05,AAPL,163.0403,-0.01630423
2023-06-06,AAPL,163.7754,0.00450897
2023-06-07,AAPL,168.7394,0.03030934
2023-06-08,AAPL,170.185,0.00856726
2023-06-09,AAPL,168.2858,-0.01115973
2023-06-12,AAPL,168.1736,-0.00066656
2023-06-13,AAPL,168.3751,0.00119803
2023-06-14,AAPL,168.4144,0.00023386
2023-06-15,AAPL,169.4488,0.00614177
2023-06-16,AAPL,167.84,-0.0094942
2023-06-19,AAPL,168.5521,0.0042425
2023-06-20,AAPL,167.9797,-0.00339598
2023-06-21,AAPL,165.9609,-0.01201833
2023-06-22,AAPL,165.4389,-0.00314477
2023-06-23,AAPL,162.7952,-0.01598045
2023-06-26,AAPL,161.7727,-0.00628037
2023-06-27,AAPL,160.9202,-0.00527022
2023-06-28,AAPL,162.7276,0.0112321
2023-06-29,AAPL,156.4318,-0.0386895
2023-06-30,AAPL,145.7868,-0.06804895
2023-07-03,AAPL,147.0673,0.00878385
2023-07-04,AAPL,146.6202,-0.00304028
2023-07-05,AAPL,149.0365,0.01647991
2023-07-06,AAPL,152.5926,0.02386048
2023-07-07,AAPL,149.3723,-0.02110354
2023-07-10,AAPL,149.697,0.00217356
2023-07-11,AAPL,162.0901,0.08278782
2023-07-12,AAPL,161.2913,-0.0049283
2023-07-13,AAPL,159.7094,-0.00980741
2023-07-14,AAPL,161.067,0.00850007
2023-07-17,AAPL,158.251,-0.01748295
2023-07-18,AAPL,162.8991,0.02937137
2023-07-19,AAPL,162.8716,-0.00016895
2023-07-20,AAPL,158.2902,-0.0281288
2023-07-21,AAPL,156.7871,-0.00949573
2023-07-24,AAPL,154.6983,-0.01332245
2023-07-25,AAPL,152.6719,-0.0130994
2023-07-26,AAPL,151.5408,-0.0074084
2023-07-27,AAPL,148.155,-0.02234277
2023-07-28,AAPL,146.9288,-0.00827597
2023-07-31,AAPL,148.4421,0.01029963
2023-08-01,AAPL,154.1282,0.03830496
2023-08-02,AAPL,158.1905,0.02635644
2023-08-03,AAPL,159.4655,0.00806012
2023-08-04,AAPL,156.2242,-0.02032618
2023-08-07,AAPL,154.8041,-0.00909039
2023-08-08,AAPL,153.3992,-0.00907505
2023-08-09,AAPL,156.001,0.01696109
2023-08-10,AAPL,149.3885,-0.04238766
2023-08-11,AAPL,151.4392,0.01372752
2023-08-14,AAPL,151.7555,0.00208826
2023-08-15,AAPL,153.6577,0.01253497
2023-08-16,AAPL,155.3747,0.01117376
2023-08-17,AAPL,144.5193,-0.06986568
2023-08-18,AAPL,149.1132,0.03178758
2023-08-21,AAPL,146.9001,-0.01484204
2023-08-22,AAPL,153.436,0.04449228
2023-08-23,AAPL,151.5279,-0.012436
2023-08-24,AAPL,159.4072,0.05199929
2023-08-25,AAPL,160.1935,0.00493246
2023-08-28,AAPL,173.9372,0.08579478
2023-08-29,AAPL,175.4647,0.00878134
2023-08-30,AAPL,166.3474,-0.05196035
2023-08-31,AAPL,164.8405,-0.00905909
2023-09-01,AAPL,167.4277,0.01569498
2023-09-04,AAPL,174.8931,0.04458897
2023-09-05,AAPL,175.7461,0.00487755
2023-09-06,AAPL,176.7947,0.00596611
2023-09-07,AAPL,166.0115,-0.06099265
2023-09-08,AAPL,170.5965,0.02761882
2023-09-11,AAPL,172.0716,0.00864655
2023-09-12,AAPL,167.7179,-0.02530184
2023-09-13,AAPL,167.4055,-0.00186263
2023-09-14,AAPL,166.7809,-0.0037306
2023-09-15,AAPL,168.5274,0.01047132
2023-09-18,AAPL,164.8659,-0.02172636
2023-09-19,AAPL,163.3194,-0.00937998
2023-09-20,AAPL,163.7473,0.00261965
2023-09-21,AAPL,171.9485,0.0500848
2023-09-22,AAPL,173.0081,0.00616226
2023-09-25,AAPL,171.0825,-0.0111305
2023-09-26,AAPL,173.9655,0.01685171
2023-09-27,AAPL,174.7098,0.00427825
2023-09-28,AAPL,173.0947,-0.00924434
2023-09-29,AAPL,175.5204,0.01401371
2023-10-02,AAPL,174.0393,-0.00843801
2023-10-03,AAPL,175.7889,0.01005253
2023-10-04,AAPL,173.6046,-0.01242549
2023-10-05,AAPL,172.893,-0.00409925
2023-10-06,AAPL,172.7898,-0.00059637
2023-10-09,AAPL,170.0978,-0.01557975
2023-10-10,AAPL,170.1468,0.00028764
2023-10-11,AAPL,169.5736,-0.00336879
2023-10-12,AAPL,169.4038,-0.00100108
2023-10-13,AAPL,171.0523,0.0097314
2023-10-16,AAPL,172.6654,0.00943019
2023-10-17,AAPL,175.9317,0.01891665
2023-10-18,AAPL,175.6749,-0.00145921
2023-10-19,AAPL,168.8311,-0.03895729
2023-10-20,AAPL,168.4247,-0.00240726
2023-10-23,AAPL,171.2508,0.01677994
2023-10-24,AAPL,167.4908,-0.02195619
2023-10-25,AAPL,166.5593,-0.00556158
2023-10-26,AAPL,168.3403,0.01069299
2023-10-27,AAPL,176.5092,0.04852611
2023-10-30,AAPL,175.787,-0.00409179
2023-10-31,AAPL,181.982,0.03524165
2023-11-01,AAPL,177.0011,-0.02737055
2023-11-02,AAPL,174.3213,-0.01513995
2023-11-03,AAPL,183.6038,0.05324935
2023-11-06,AAPL,184.04,0.00237577
2023-11-07,AAPL,190.826,0.03687235
2023-11-08,AAPL,189.7515,-0.00563054
2023-11-09,AAPL,193.6455,0.02052141
2023-11-10,AAPL,192.3064,-0.00691522
2023-11-13,AAPL,197.8195,0.02866836
2023-11-14,AAPL,190.3806,-0.03760464
2023-11-15,AAPL,191.018,0.00334833
2023-11-16,AAPL,196.0763,0.02648058
2023-11-17,AAPL,205.767,0.04942295
2023-11-20,AAPL,196.4362,-0.04534608
2023-11-21,AAPL,201.8541,0.02758057
2023-11-22,AAPL,202.4586,0.00299512
2023-11-23,AAPL,202.1987,-0.00128404
2023-11-24,AAPL,211.6273,0.0466305
2023-11-27,AAPL,204.8617,-0.03196934
2023-11-28,AAPL,212.6766,0.03814738
2023-11-29,AAPL,210.8699,-0.00849538
2023-11-30,AAPL,207.9021,-0.01407406
2023-12-01,AAPL,201.0866,-0.03278208
2023-12-04,AAPL,200.7449,-0.00169931
2023-12-05,AAPL,191.6767,-0.04517261
2023-12-06,AAPL,190.3581,-0.00687954
2023-12-07,AAPL,179.547,-0.05679365
2023-12-08,AAPL,176.4395,-0.01730725
2023-12-11,AAPL,168.3184,-0.04602758
2023-12-12,AAPL,176.7548,0.05012189
2023-12-13,AAPL,175.8293,-0.00523615
2023-12-14,AAPL,177.2117,0.0078622
2023-12-15,AAPL,176.6319,-0.00327194
2023-12-18,AAPL,184.7139,0.04575629
2023-12-19,AAPL,184.3877,-0.00176593
2023-12-20,AAPL,183.3988,-0.00536339
2023-12-21,AAPL,186.209,0.01532275
2023-12-22,AAPL,184.7265,-0.00796103
2023-12-25,AAPL,181.4137,-0.01793366
2023-12-26,AAPL,178.9983,-0.01331421
2023-12-27,AAPL,179.5102,0.00285968
2023-12-28,AAPL,177.3507,-0.01202992
2023-12-29,AAPL,177.9349,0.00329382
2024-01-01,AAPL,183.812,0.03302968
2024-01-02,AAPL,179.7112,-0.02230962
2024-01-03,AAPL,174.3419,-0.0298774
2024-01-04,AAPL,181.3263,0.04006137
2024-01-05,AAPL,173.8567,-0.0411946
2024-01-08,AAPL,188.0397,0.08157881
2024-01-09,AAPL,198.2892,0.0545075
2024-01-10,AAPL,194.8194,-0.0174989
2024-01-11,AAPL,192.488,-0.01196711
2024-01-12,AAPL,190.2334,-0.01171289
2024-01-15,AAPL,193.312,0.01618345
2024-01-16,AAPL,195.1649,0.00958518
2024-01-17,AAPL,194.2981,-0.00444175
2024-01-18,AAPL,193.622,-0.00347951
2024-01-19,AAPL,192.7406,-0.00455238
2024-01-22,AAPL,192.5489,-0.00099456
2024-01-23,AAPL,192.0125,-0.00278583
2024-01-24,AAPL,192.1119,0.00051779
2024-01-25,AAPL,195.8943,0.01968846
2024-01-26,AAPL,197.259,0.00696652
2024-01-29,AAPL,195.9199,-0.00678859
2024-01-30,AAPL,200.5641,0.02370465
2024-01-31,AAPL,200.8045,0.00119851
2024-02-01,AAPL,202.5524,0.00870467
2024-02-02,AAPL,203.8761,0.0065349
2024-02-05,AAPL,206.9882,0.01526498
2024-02-06,AAPL,203.7744,-0.01552646
2024-02-07,AAPL,204.1978,0.00207753
2024-02-08,AAPL,204.6848,0.00238518
2024-02-09,AAPL,200.1993,-0.02191445
2024-02-12,AAPL,201.4227,0.00611117
2024-02-13,AAPL,201.1865,-0.00117293
2024-02-14,AAPL,201.4457,0.00128836
2024-02-15,AAPL,199.3212,-0.01054596
2024-02-16,AAPL,199.639,0.00159413
2024-02-19,AAPL,201.4782,0.00921296
2024-02-20,AAPL,205.3508,0.019221
2024-02-21,AAPL,203.0194,-0.01135349
2024-02-22,AAPL,204.0144,0.00490092
2024-02-23,AAPL,207.5859,0.01750638
2024-02-26,AAPL,201.7873,-0.02793368
2024-02-27,AAPL,203.5775,0.00887174
2024-02-28,AAPL,199.8654,-0.01823444
2024-02-29,AAPL,203.4388,0.01787895
2024-03-01,AAPL,203.7423,0.00149202
2024-03-04,AAPL,206.3994,0.01304157
2024-03-05,AAPL,207.7386,0.0064883
2024-03-06,AAPL,203.3305,-0.02121945
2024-03-07,AAPL,204.1108,0.00383761
2024-03-08,AAPL,203.0736,-0.00508141
2024-03-11,AAPL,198.282,-0.0235954
2024-03-12,AAPL,201.5566,0.01651454
2024-03-13,AAPL,201.7161,0.00079141
2024-03-14,AAPL,203.0392,0.00655951
2024-03-15,AAPL,206.8997,0.01901349
2024-03-18,AAPL,207.5023,0.00291225
2024-03-19,AAPL,208.7358,0.00594447
2024-03-20,AAPL,207.8984,-0.00401153
2024-03-21,AAPL,210.8337,0.01411871
2024-03-22,AAPL,208.6761,-0.01023338
2024-03-25,AAPL,210.4159,0.00833729
2024-03-26,AAPL,208.1285,-0.01087084
2024-03-27,AAPL,199.5813,-0.04106681
2024-03-28,AAPL,206.6308,0.03532121
2024-03-29,AAPL,201.1113,-0.0267118
2024-04-01,AAPL,203.4703,0.01172976
2024-04-02,AAPL,203.8857,0.00204137
2024-04-03,AAPL,203.5571,-0.00161161
2024-04-04,AAPL,213.4738,0.04871693
2024-04-05,AAPL,216.0123,0.01189172
2024-04-08,AAPL,222.8718,0.0317548
2024-04-09,AAPL,214.1641,-0.03907008
2024-04-10,AAPL,218.9504,0.0223485
2024-04-11,AAPL,213.8217,-0.02342378
2024-04-12,AAPL,210.0529,-0.01762612
2024-04-15,AAPL,215.9401,0.02802735
2024-04-16,AAPL,219.9221,0.01844029
2024-04-17,AAPL,224.7189,0.02181145
2024-04-18,AAPL,225.7908,0.00477004
2024-04-19,AAPL,222.1567,-0.01609518
2024-04-22,AAPL,220.3381,-0.00818611
2024-04-23,AAPL,221.4565,0.00507582
2024-04-24,AAPL,221.712,0.00115358
2024-04-25,AAPL,211.5011,-0.04605445
2024-04-26,AAPL,216.4461,0.02338016
2024-04-29,AAPL,220.7923,0.02008011
2024-04-30,AAPL,222.7961,0.00907537
2024-05-01,AAPL,220.1942,-0.0116785
2024-05-02,AAPL,214.0539,-0.02788602
2024-05-03,AAPL,215.2738,0.00569911
2024-05-06,AAPL,219.9199,0.02158222
2024-05-07,AAPL,231.8388,0.05419699
2024-05-08,AAPL,237.8213,0.02580451
2024-05-09,AAPL,239.6152,0.00754295
2024-05-10,AAPL,248.1618,0.03566802
2024-05-13,AAPL,245.9903,-0.00875019
2024-05-14,AAPL,239.2638,-0.02734459
2024-05-15,AAPL,235.4556,-0.01591644
2024-05-16,AAPL,228.161,-0.0309809
2024-05-17,AAPL,235.4488,0.03194168
2024-05-20,AAPL,232.0933,-0.0142515
2024-05-21,AAPL,244.8813,0.05509833
2024-05-22,AAPL,240.5322,-0.01776003
2024-05-23,AAPL,226.0674,-0.06013651
2024-05-24,AAPL,242.4151,0.07231345
2024-05-27,AAPL,236.2313,-0.02550926
2024-05-28,AAPL,234.1486,-0.00881619
2024-05-29,AAPL,237.8858,0.01596069
2024-05-30,AAPL,230.5528,-0.03082579
2024-05-31,AAPL,234.5287,0.01724507
2024-06-03,AAPL,234.6467,0.00050298
2024-06-04,AAPL,230.501,-0.01766791
2024-06-05,AAPL,232.0615,0.00677003
2024-06-06,AAPL,230.6861,-0.00592663
2024-06-07,AAPL,214.8749,-0.06853972
2024-06-10,AAPL,210.9289,-0.0183642
2024-06-11,AAPL,213.6164,0.01274087
2024-06-12,AAPL,219.0538,0.0254542
2024-06-13,AAPL,217.3789,-0.00764602
2024-06-14,AAPL,215.9642,-0.00650794
2024-06-17,AAPL,213.0217,-0.01362502
2024-06-18,AAPL,211.5878,-0.00673129
2024-06-19,AAPL,214.2064,0.01237622
2024-06-20,AAPL,225.8599,0.05440281
2024-06-21,AAPL,223.7377,-0.00939597
2024-06-24,AAPL,218.7816,-0.02215151
2024-06-25,AAPL,222.2483,0.01584538
2024-06-26,AAPL,225.7594,0.01579829
2024-06-27,AAPL,226.7129,0.00422337
2024-06-28,AAPL,228.3972,0.00742922
2024-07-01,AAPL,229.8128,0.00619806
2024-07-02,AAPL,234.3964,0.01994507
2024-07-03,AAPL,236.7029,0.00984022
2024-07-04,AAPL,234.7738,-0.00814996
2024-07-05,AAPL,236.4484,0.0071327
2024-07-08,AAPL,237.8163,0.00578534
2024-07-09,AAPL,241.032,0.01352162
2024-07-10,AAPL,240.6731,-0.00148882
2024-07-11,AAPL,245.4875,0.02000384
2024-07-12,AAPL,244.6887,-0.00325376
2024-07-15,AAPL,247.1269,0.00996417
2024-07-16,AAPL,248.7512,0.00657267
2024-07-17,AAPL,249.5812,0.00333682
2024-07-18,AAPL,242.5887,-0.02801676
2024-07-19,AAPL,248.7538,0.02541358
2024-07-22,AAPL,248.3868,-0.00147513
2024-07-23,AAPL,246.3631,-0.00814759
2024-07-24,AAPL,244.2667,-0.0085093
2024-07-25,AAPL,246.547,0.00933521
2024-07-26,AAPL,244.6454,-0.00771297
2024-07-29,AAPL,246.2162,0.00642079
2024-07-30,AAPL,242.3969,-0.01551182
2024-07-31,AAPL,244.2101,0.00748007
2024-08-01,AAPL,245.931,0.00704703
2024-08-02,AAPL,246.0613,0.00052976
2024-08-05,AAPL,247.3175,0.00510517
2024-08-06,AAPL,243.7276,-0.01451533
2024-08-07,AAPL,243.2736,-0.00186285
2024-08-08,AAPL,246.1314,0.0117472
2024-08-09,AAPL,245.8789,-0.00102581
2024-08-12,AAPL,248.6729,0.01136341
2024-08-13,AAPL,251.1924,0.01013197
2024-08-14,AAPL,253.096,0.00757791
2024-08-15,AAPL,254.8483,0.00692351
2024-08-16,AAPL,252.6651,-0.00856674
2024-08-19,AAPL,248.6494,-0.01589334
2024-08-20,AAPL,247.6724,-0.00392894
2024-08-21,AAPL,243.406,-0.017226
2024-08-22,AAPL,239.2783,-0.01695817
2024-08-23,AAPL,241.6022,0.0097122
2024-08-26,AAPL,241.1584,-0.00183682
2024-08-27,AAPL,238.252,-0.01205211
2024-08-28,AAPL,242.4472,0.01760848
2024-08-29,AAPL,244.6652,0.00914806
2024-08-30,AAPL,246.4504,0.00729685
2024-09-02,AAPL,241.1433,-0.02153441
2024-09-03,AAPL,241.3299,0.00077395
2024-09-04,AAPL,245.5451,0.01746641
2024-09-05,AAPL,245.8368,0.00118817
2024-09-06,AAPL,247.4547,0.00658092
2024-09-09,AAPL,246.0395,-0.00571871
2024-09-10,AAPL,250.0214,0.01618399
2024-09-11,AAPL,252.5159,0.00997705
2024-09-12,AAPL,254.5697,0.00813344
2024-09-13,AAPL,263.3435,0.03446516
2024-09-16,AAPL,253.9667,-0.03560664
2024-09-17,AAPL,256.1735,0.00868929
2024-09-18,AAPL,258.385,0.0086326
2024-09-19,AAPL,260.5131,0.00823622
2024-09-20,AAPL,260.2963,-0.00083236
2024-09-23,AAPL,262.2397,0.00746644
2024-09-24,AAPL,256.7352,-0.02099049
2024-09-25,AAPL,253.0683,-0.01428299
2024-09-26,AAPL,253.0474,-8.232e-05
2024-09-27,AAPL,259.8648,0.02694099
2024-09-30,AAPL,255.1973,-0.01796114
2024-10-01,AAPL,255.347,0.00058656
2024-10-02,AAPL,251.629,-0.01456049
2024-10-03,AAPL,250.9077,-0.00286646
2024-10-04,AAPL,252.6495,0.0069419
2024-10-07,AAPL,249.1555,-0.01382948
2024-10-08,AAPL,246.0569,-0.01243636
2024-10-09,AAPL,243.7778,-0.00926269
2024-10-10,AAPL,241.9053,-0.00768099
2024-10-11,AAPL,238.282,-0.01497839
2024-10-14,AAPL,234.7563,-0.01479604
2024-10-15,AAPL,237.1612,0.01024433
2024-10-16,AAPL,235.1442,-0.00850479
2024-10-17,AAPL,241.6243,0.02755764
2024-10-18,AAPL,245.1037,0.01440003
2024-10-21,AAPL,246.6005,0.00610691
2024-10-22,AAPL,246.6162,6.396e-05
2024-10-23,AAPL,247.1175,0.00203238
2024-10-24,AAPL,246.942,-0.00071009
2024-10-25,AAPL,250.7762,0.01552681
2024-10-28,AAPL,251.6331,0.00341711
2024-10-29,AAPL,250.3837,-0.0049655
2024-10-30,AAPL,252.7777,0.00956156
2024-10-31,AAPL,247.9577,-0.01906808
2024-11-01,AAPL,247.9314,-0.00010607
2024-11-04,AAPL,245.4157,-0.01014707
2024-11-05,AAPL,244.0164,-0.00570146
2024-11-06,AAPL,243.2813,-0.00301262
2024-11-07,AAPL,242.0867,-0.00491016
2024-11-08,AAPL,241.2267,-0.00355272
2024-11-11,AAPL,247.0064,0.02395963
2024-11-12,AAPL,245.209,-0.00727658
2024-11-13,AAPL,242.5619,-0.01079546
2024-11-14,AAPL,247.9265,0.02211671
2024-11-15,AAPL,245.4231,-0.01009772
2024-11-18,AAPL,248.6277,0.01305756
2024-11-19,AAPL,251.2061,0.01037065
2024-11-20,AAPL,249.6706,-0.00611236
2024-11-21,AAPL,248.479,-0.00477287
2024-11-22,AAPL,253.9683,0.02209141
2024-11-25,AAPL,254.469,0.00197176
2024-11-26,AAPL,252.6579,-0.00711718
2024-11-27,AAPL,252.5224,-0.00053653
2024-11-28,AAPL,258.3003,0.02288083
2024-11-29,AAPL,256.4487,-0.00716828
2024-12-02,AAPL,262.6031,0.02399861
2024-12-03,AAPL,260.8272,-0.00676295
2024-12-04,AAPL,265.3992,0.01752897
2024-12-05,AAPL,258.9606,-0.02425997
2024-12-06,AAPL,260.8491,0.00729274
2024-12-09,AAPL,259.7382,-0.00425899
2024-12-10,AAPL,251.2383,-0.03272466
2024-12-11,AAPL,255.1845,0.01570701
2024-12-12,AAPL,253.6077,-0.00617919
2024-12-13,AAPL,250.5349,-0.01211644
2024-12-16,AAPL,253.1456,0.01042034
2024-12-17,AAPL,253.7661,0.00245125
2024-12-18,AAPL,256.0142,0.00885908
2024-12-19,AAPL,255.4329,-0.00227078
2024-12-20,AAPL,251.7832,-0.014288
2024-12-23,AAPL,247.7926,-0.01584942
2024-12-24,AAPL,249.0576,0.00510487
2024-12-25,AAPL,251.1692,0.00847832
2024-12-26,AAPL,253.5761,0.00958291
2024-12-27,AAPL,250.7808,-0.01102354
2024-12-30,AAPL,247.0483,-0.01488333
2024-12-31,AAPL,247.7951,0.00302286
2025-01-01,AAPL,244.3263,-0.01399882
2025-01-02,AAPL,243.1633,-0.00476007
2025-01-03,AAPL,241.674,-0.00612471
2025-01-06,AAPL,241.0127,-0.00273632
2025-01-07,AAPL,238.542,-0.01025122
2025-01-08,AAPL,239.6692,0.00472524
2025-01-09,AAPL,238.5761,-0.00456062
2025-01-10,AAPL,237.7209,-0.00358477
2025-01-13,AAPL,238.2023,0.002025
2025-01-14,AAPL,243.5621,0.02250125
2025-01-15,AAPL,245.7664,0.00905014
2025-01-16,AAPL,247.4867,0.00699983
2025-01-17,AAPL,248.1649,0.00274042
2025-01-20,AAPL,247.3068,-0.00345807
2025-01-21,AAPL,243.6192,-0.01491098
2025-01-22,AAPL,241.4862,-0.00875524
2025-01-23,AAPL,243.1053,0.00670465
2025-01-24,AAPL,248.3698,0.02165515
2025-01-27,AAPL,250.2582,0.00760333
2025-01-28,AAPL,247.9171,-0.00935467
2025-01-29,AAPL,243.5964,-0.01742822
2025-01-30,AAPL,242.9369,-0.00270742
2025-01-31,AAPL,241.2966,-0.00675196
2025-02-03,AAPL,243.1542,0.00769838
2025-02-04,AAPL,249.4122,0.02573672
2025-02-05,AAPL,248.5679,-0.00338516
2025-02-06,AAPL,247.8439,-0.00291238
2025-02-07,AAPL,249.356,0.00610095
2025-02-10,AAPL,248.2514,-0.00442992
2025-02-11,AAPL,252.3876,0.01666144
2025-02-12,AAPL,253.8215,0.00568119
2025-02-13,AAPL,252.2561,-0.00616724
2025-02-14,AAPL,253.4235,0.00462773
2025-02-17,AAPL,250.2649,-0.01246342
2025-02-18,AAPL,254.1163,0.01538922
2025-02-19,AAPL,257.8524,0.01470226
2025-02-20,AAPL,259.0628,0.0046941
2025-02-21,AAPL,261.7404,0.01033564
2025-02-24,AAPL,259.4172,-0.00887574
2025-02-25,AAPL,257.1977,-0.00855586
2025-02-26,AAPL,260.9254,0.01449353
2025-02-27,AAPL,263.4751,0.00977174
2025-02-28,AAPL,265.1874,0.00649906
2025-03-03,AAPL,261.687,-0.01319974
2025-03-04,AAPL,267.605,0.02261476
2025-03-05,AAPL,269.0867,0.00553674
2025-03-06,AAPL,272.0205,0.01090301
2025-03-07,AAPL,274.3622,0.00860855
2025-03-10,AAPL,274.5134,0.00055108
2025-03-11,AAPL,272.2747,-0.0081553
2025-03-12,AAPL,270.4927,-0.00654481
2025-03-13,AAPL,267.4927,-0.01109091
2025-03-14,AAPL,263.7765,-0.01389271
2025-03-17,AAPL,259.614,-0.01578031
2025-03-18,AAPL,260.5466,0.00359198
2025-03-19,AAPL,258.47,-0.00797005
2025-03-20,AAPL,262.1443,0.01421584
2025-03-21,AAPL,263.7174,0.0060006
2025-03-24,AAPL,261.3377,-0.0090237
2025-03-25,AAPL,261.9983,0.00252795
2025-03-26,AAPL,262.2526,0.00097062
2025-03-27,AAPL,266.3768,0.01572581
2025-03-28,AAPL,269.1456,0.01039447
2025-03-31,AAPL,267.3768,-0.00657184
2025-04-01,AAPL,270.5515,0.01187343
2025-04-02,AAPL,272.5264,0.00729964
2025-04-03,AAPL,272.3832,-0.00052572
2025-04-04,AAPL,270.1353,-0.00825241
2025-04-07,AAPL,268.3135,-0.00674413
2025-04-08,AAPL,272.7804,0.01664796
2025-04-09,AAPL,269.5268,-0.01192746
2025-04-10,AAPL,269.1396,-0.00143676
2025-04-11,AAPL,275.7207,0.02445245
2025-04-14,AAPL,270.0478,-0.02057486
2025-04-15,AAPL,266.5445,-0.0129727
2025-04-16,AAPL,270.3199,0.01416428
2025-04-17,AAPL,269.9058,-0.00153203
2025-04-18,AAPL,267.0164,-0.01070516
2025-04-21,AAPL,264.1519,-0.01072772
2025-04-22,AAPL,262.8196,-0.00504386
2025-04-23,AAPL,261.4446,-0.00523146
2025-04-24,AAPL,258.9552,-0.00952186
2025-04-25,AAPL,261.3398,0.00920854
2025-04-28,AAPL,262.1547,0.00311807
2025-04-29,AAPL,264.2503,0.00799375
2025-04-30,AAPL,264.193,-0.0002167
2025-05-01,AAPL,266.704,0.0095043
2025-05-02,AAPL,274.9965,0.0310924
2025-05-05,AAPL,272.9961,-0.00727395
2025-05-06,AAPL,279.4735,0.02372687
2025-05-07,AAPL,270.033,-0.03377946
2025-05-08,AAPL,273.7895,0.0139111
2025-05-09,AAPL,275.8037,0.00735666
2025-05-12,AAPL,281.6216,0.02109456
2025-05-13,AAPL,279.4608,-0.00767277
2025-05-14,AAPL,281.4946,0.00727754
2025-05-15,AAPL,276.4211,-0.01802349
2025-05-16,AAPL,270.3049,-0.02212615
2025-05-19,AAPL,264.9383,-0.01985384
2025-05-20,AAPL,267.791,0.01076707
2025-05-21,AAPL,264.7177,-0.01147647
2025-05-22,AAPL,258.6569,-0.02289521
2025-05-23,AAPL,259.6015,0.00365202
2025-05-26,AAPL,267.179,0.02918884
2025-05-27,AAPL,266.8206,-0.0013412
2025-05-28,AAPL,266.4564,-0.00136526
2025-05-29,AAPL,272.5214,0.02276194
2025-05-30,AAPL,270.7876,-0.0063623
2025-06-02,AAPL,272.7293,0.00717061
2025-06-03,AAPL,265.6569,-0.02593184
2025-06-04,AAPL,264.8789,-0.00292867
2025-06-05,AAPL,262.704,-0.00821079
2025-06-06,AAPL,261.5112,-0.00454061
2025-06-09,AAPL,261.0764,-0.00166243
2025-06-10,AAPL,262.8655,0.00685262
2025-06-11,AAPL,261.358,-0.00573496
2025-06-12,AAPL,261.8063,0.00171536
2025-06-13,AAPL,259.8862,-0.00733407
2025-06-16,AAPL,260.2582,0.00143154
2025-06-17,AAPL,266.7968,0.02512357
2025-06-18,AAPL,263.9346,-0.01072829
2025-06-19,AAPL,262.774,-0.00439711
2025-06-20,AAPL,262.842,0.00025863
2025-06-23,AAPL,262.9356,0.0003561
2025-06-24,AAPL,263.1065,0.00065012
2025-06-25,AAPL,269.6777,0.02497556
2025-06-26,AAPL,271.0122,0.00494831
2025-06-27,AAPL,271.8249,0.00299888
2025-06-30,AAPL,274.0116,0.00804456
2025-07-01,AAPL,277.5229,0.01281426
2025-07-02,AAPL,280.5639,0.01095758
2025-07-03,AAPL,281.3292,0.00272764
2025-07-04,AAPL,283.0968,0.00628305
2025-07-07,AAPL,284.2464,0.00406078
2025-07-08,AAPL,283.2315,-0.00357043
2025-07-09,AAPL,280.0604,-0.01119604
2025-07-10,AAPL,283.7506,0.01317647
2025-07-11,AAPL,286.4655,0.0095678
2025-07-14,AAPL,285.6556,-0.00282712
2025-07-15,AAPL,289.5258,0.01354852
2025-07-16,AAPL,283.501,-0.02080938
2025-07-17,AAPL,285.1234,0.00572292
2025-07-18,AAPL,280.8101,-0.01512784
2025-07-21,AAPL,283.7298,0.01039745
2025-07-22,AAPL,279.5019,-0.01490119
2025-07-23,AAPL,283.5325,0.01442064
2025-07-24,AAPL,274.6254,-0.03141492
2025-07-25,AAPL,267.998,-0.02413248
2025-07-28,AAPL,253.8833,-0.05266706
2025-07-29,AAPL,252.5025,-0.0054388
2025-07-30,AAPL,248.1104,-0.01739415
2025-07-31,AAPL,245.7586,-0.00947906
2025-08-01,AAPL,239.3647,-0.02601687
2025-08-04,AAPL,248.3088,0.03736617
2025-08-05,AAPL,244.3335,-0.01600973
2025-08-06,AAPL,232.5246,-0.04833119
2025-08-07,AAPL,222.6936,-0.04227929
2025-08-08,AAPL,217.7229,-0.02232071
2025-08-11,AAPL,228.95,0.05156619
2025-08-12,AAPL,231.1882,0.00977559
2025-08-13,AAPL,237.4534,0.02709996
2025-08-14,AAPL,241.2125,0.01583101
2025-08-15,AAPL,236.9925,-0.01749503
2025-08-18,AAPL,240.0929,0.0130823
2025-08-19,AAPL,240.0601,-0.0001364
2025-08-20,AAPL,240.2528,0.00080283
2025-08-21,AAPL,244.138,0.0161711
2025-08-22,AAPL,248.6402,0.01844135
2025-08-25,AAPL,249.4418,0.00322371
2025-08-26,AAPL,252.2866,0.01140483
2025-08-27,AAPL,250.4254,-0.00737735
2025-08-28,AAPL,247.4056,-0.01205885
2025-08-29,AAPL,244.707,-0.0109075
2025-09-01,AAPL,240.7018,-0.01636718
2025-09-02,AAPL,240.5176,-0.00076541
2025-09-03,AAPL,241.9177,0.00582106
2025-09-04,AAPL,243.7053,0.00738933
2025-09-05,AAPL,245.8592,0.00883814
2025-09-08,AAPL,246.3169,0.00186187
2025-09-09,AAPL,249.3523,0.01232301
2025-09-10,AAPL,249.7204,0.00147639
2025-09-11,AAPL,251.1854,0.0058663
2025-09-12,AAPL,254.7043,0.01400939
2025-09-15,AAPL,253.2146,-0.00584883
2025-09-16,AAPL,257.0153,0.01500974
2025-09-17,AAPL,250.4433,-0.0255703
2025-09-18,AAPL,251.8797,0.00573531
2025-09-19,AAPL,242.6114,-0.03679667
2025-09-22,AAPL,248.219,0.02311379
2025-09-23,AAPL,248.1566,-0.00025169
2025-09-24,AAPL,250.2833,0.00857027
2025-09-25,AAPL,253.8057,0.01407339
2025-09-26,AAPL,252.9715,-0.00328659
2025-09-29,AAPL,252.913,-0.00023112
2025-09-30,AAPL,253.1485,0.00093101
2025-10-01,AAPL,250.0303,-0.01231768
2025-10-02,AAPL,251.2967,0.00506493
2025-10-03,AAPL,249.6152,-0.00669133
2025-10-06,AAPL,259.8288,0.0409176
2025-10-07,AAPL,263.6167,0.01457818
2025-10-08,AAPL,263.0008,-0.00233637
2025-10-09,AAPL,260.5256,-0.00941106
2025-10-10,AAPL,265.5882,0.01943194
2025-10-13,AAPL,265.4462,-0.00053449
2025-10-14,AAPL,262.8417,-0.009812
2025-10-15,AAPL,262.1193,-0.00274826
2025-10-16,AAPL,265.9295,0.01453602
2025-10-17,AAPL,267.1491,0.00458646
2025-10-20,AAPL,266.6322,-0.00193494
2025-10-21,AAPL,267.2517,0.0023235
2025-10-22,AAPL,268.3187,0.00399226
2025-10-23,AAPL,264.0771,-0.01580806
2025-10-24,AAPL,267.2258,0.01192348
2025-10-27,AAPL,269.715,0.009315
2025-10-28,AAPL,263.3606,-0.02355963
2025-10-29,AAPL,267.9601,0.01746456
2025-10-30,AAPL,268.2843,0.00120984
2025-10-31,AAPL,268.5937,0.00115329
2025-11-03,AAPL,273.2262,0.01724734
2025-11-04,AAPL,273.9836,0.00277205
2025-11-05,AAPL,278.763,0.01744394
2025-11-06,AAPL,282.5471,0.01357468
2025-11-07,AAPL,279.3734,-0.01123238
2025-11-10,AAPL,281.0738,0.00608626
2025-11-11,AAPL,288.0382,0.02477813
2025-11-12,AAPL,289.9243,0.00654778
2025-11-13,AAPL,289.2197,-0.00243
2025-11-14,AAPL,285.0241,-0.01450683
2025-11-17,AAPL,285.3921,0.00129114
2025-11-18,AAPL,286.7173,0.00464337
2025-11-19,AAPL,287.159,0.00154083
2025-11-20,AAPL,283.0345,-0.01436338
2025-11-21,AAPL,280.4719,-0.00905404
2025-11-24,AAPL,279.9218,-0.00196137
2025-11-25,AAPL,278.7858,-0.00405811
2025-11-26,AAPL,279.5446,0.00272185
2025-11-27,AAPL,280.0579,0.0018362
2025-11-28,AAPL,282.7714,0.00968883
2025-12-01,AAPL,284.2558,0.00524976
2025-12-02,AAPL,275.8694,-0.02950301
2025-12-03,AAPL,287.006,0.04036898
2025-12-04,AAPL,285.9346,-0.0037331
2025-12-05,AAPL,289.6537,0.01300679
2025-12-08,AAPL,284.0954,-0.01918938
2025-12-09,AAPL,283.3972,-0.0024577
2025-12-10,AAPL,283.1722,-0.000794
2025-12-11,AAPL,289.5242,0.02243188
2025-12-12,AAPL,287.0095,-0.00868564
2025-12-15,AAPL,297.4499,0.03637647
2025-12-16,AAPL,302.2598,0.0161703
2025-12-17,AAPL,305.0113,0.00910329
2025-12-18,AAPL,300.9848,-0.01320116
2025-12-19,AAPL,302.735,0.00581486
2025-12-22,AAPL,304.6834,0.00643605
2025-12-23,AAPL,301.4909,-0.01047834
2025-12-24,AAPL,305.107,0.01199429
2025-12-25,AAPL,284.936,-0.06611126
2025-12-26,AAPL,290.0011,0.0177761
2025-12-29,AAPL,290.6692,0.00230371
2025-12-30,AAPL,290.4436,-0.00077599
2025-12-31,AAPL,289.6736,-0.00265098
2026-01-01,AAPL,295.2824,0.01936228
2026-01-02,AAPL,292.6062,-0.00906298
2026-01-05,AAPL,286.8531,-0.01966165
2026-01-06,AAPL,285.6436,-0.00421642
2026-01-07,AAPL,288.4602,0.00986037
2026-01-08,AAPL,292.1054,0.01263668
2026-01-09,AAPL,292.4092,0.00104033
2026-01-12,AAPL,291.518,-0.00304776
2026-01-13,AAPL,296.3799,0.01667763
2026-01-14,AAPL,298.7415,0.00796829
2026-01-15,AAPL,302.0771,0.01116557
2026-01-16,AAPL,304.1224,0.00677062
2026-01-19,AAPL,304.0177,-0.00034439
2026-01-20,AAPL,302.8768,-0.00375249
2026-01-21,AAPL,306.4256,0.01171678
2026-01-22,AAPL,301.9324,-0.01466314
2026-01-23,AAPL,295.9409,-0.01984402
2026-01-26,AAPL,305.7347,0.03309381
2026-01-27,AAPL,307.7519,0.0065981
2026-01-28,AAPL,308.4579,0.0022938
2026-01-29,AAPL,307.3936,-0.0034504
2026-01-30,AAPL,310.2225,0.00920287
2026-02-02,AAPL,312.1303,0.0061498
2026-02-03,AAPL,316.9121,0.01531996
2026-02-04,AAPL,308.4803,-0.02660615
2026-02-05,AAPL,310.1303,0.00534891
2026-02-06,AAPL,314.4886,0.01405302
2026-02-09,AAPL,313.9498,-0.00171319
2026-02-10,AAPL,314.4041,0.00144717
2026-02-11,AAPL,320.3797,0.01900598
2026-02-12,AAPL,312.9175,-0.0232916
2026-02-13,AAPL,317.7932,0.01558132
2026-02-16,AAPL,317.2768,-0.00162486
2026-02-17,AAPL,312.1665,-0.01610685
2026-02-18,AAPL,307.8673,-0.01377214
2026-02-19,AAPL,313.3891,0.01793552
2026-02-20,AAPL,315.4371,0.00653512
2026-02-23,AAPL,322.7348,0.02313513
2026-02-24,AAPL,326.0426,0.01024947
2026-02-25,AAPL,332.0333,0.01837398
2026-02-26,AAPL,334.0592,0.00610147
2026-02-27,AAPL,332.4441,-0.00483477
2026-03-02,AAPL,326.2679,-0.01857843
2026-03-03,AAPL,319.2337,-0.02155935
2026-03-04,AAPL,320.925,0.0052979
2026-03-05,AAPL,324.3189,0.0105755
2026-03-06,AAPL,324.2186,-0.00030926
2026-03-09,AAPL,323.3082,-0.00280799
2026-03-10,AAPL,320.0681,-0.01002166
2026-03-11,AAPL,318.502,-0.00489318
2026-03-12,AAPL,304.2148,-0.04485748
2026-03-13,AAPL,304.8995,0.00225061
2026-03-16,AAPL,314.6481,0.03197311
2026-03-17,AAPL,313.2304,-0.00450551
2026-03-18,AAPL,310.0609,-0.01011889
2026-03-19,AAPL,318.4867,0.02717489
2026-03-20,AAPL,316.0893,-0.00752767
2026-03-23,AAPL,312.6319,-0.01093794
2026-03-24,AAPL,306.9065,-0.01831343
2026-03-25,AAPL,307.9317,0.00334043
2026-03-26,AAPL,306.198,-0.00563017
2026-03-27,AAPL,308.7677,0.00839206
2026-03-30,AAPL,311.6236,0.00924962
2026-03-31,AAPL,307.9507,-0.01178643
2026-04-01,AAPL,308.5732,0.00202148
2026-04-02,AAPL,310.0647,0.00483341
2026-04-03,AAPL,307.7343,-0.00751583
2026-04-06,AAPL,304.0353,-0.01202005
2026-04-07,AAPL,303.7147,-0.00105469
2026-04-08,AAPL,301.6599,-0.00676533
2026-04-09,AAPL,301.2105,-0.00148977
2026-04-10,AAPL,297.4803,-0.012384
2026-04-13,AAPL,298.5309,0.00353145
2026-04-14,AAPL,296.2488,-0.00764435
2026-04-15,AAPL,301.2319,0.01682081
2026-04-16,AAPL,293.5677,-0.02544294
2026-04-17,AAPL,295.0337,0.00499361
2026-04-20,AAPL,295.23,0.0006654
2026-04-21,AAPL,290.0038,-0.01770213
2026-04-22,AAPL,288.9573,-0.00360866
2026-04-23,AAPL,288.7577,-0.00069063
2026-04-24,AAPL,293.516,0.01647854
2026-04-27,AAPL,292.3785,-0.00387527
2026-04-28,AAPL,291.4234,-0.00326688
2026-04-29,AAPL,294.1696,0.00942362
2026-04-30,AAPL,291.0783,-0.0105087
2026-05-01,AAPL,294.5187,0.01181954
2026-05-04,AAPL,297.2241,0.00918589
2026-05-05,AAPL,301.9518,0.01590606
2026-05-06,AAPL,302.3086,0.00118181
2026-05-07,AAPL,295.607,-0.02216813
2026-05-08,AAPL,294.1405,-0.00496113
2026-05-11,AAPL,300.5844,0.02190758
2026-05-12,AAPL,296.777,-0.01266645
2026-05-13,AAPL,297.2418,0.00156601
2026-05-14,AAPL,301.7445,0.01514815
2026-05-15,AAPL,293.1453,-0.0284982
2026-05-18,AAPL,290.2149,-0.00999652
2026-05-19,AAPL,288.6464,-0.0054046
2026-05-20,AAPL,292.0212,0.01169194
2026-05-21,AAPL,288.7923,-0.01105715
2026-05-22,AAPL,289.5628,0.00266793
2026-05-25,AAPL,297.5017,0.02741712
2026-05-26,AAPL,292.6205,-0.01640729
2026-05-27,AAPL,290.4382,-0.00745795
2026-05-28,AAPL,278.2451,-0.04198163
2026-05-29,AAPL,293.805,0.0559215
2026-06-01,AAPL,285.099,-0.0296319
2026-06-02,AAPL,286.5704,0.00516112
2026-06-03,AAPL,310.2777,0.08272744
2026-06-04,AAPL,313.2526,0.00958791
2026-06-05,AAPL,309.2457,-0.0127911
2026-06-08,AAPL,309.2647,6.144e-05
2026-06-09,AAPL,315.5536,0.02033489
2026-06-10,AAPL,314.6868,-0.00274707
2026-06-11,AAPL,316.6762,0.00632185
2026-06-12,AAPL,313.9857,-0.00849588
2026-06-15,AAPL,310.179,-0.012124
2026-06-16,AAPL,308.0407,-0.00689358
2026-06-17,AAPL,311.1096,0.00996275
2026-06-18,AAPL,305.5403,-0.01790153
2026-06-19,AAPL,297.6779,-0.0257329
2026-06-22,AAPL,295.1034,-0.00864845
2026-06-23,AAPL,291.4895,-0.0122464
2026-06-24,AAPL,287.3277,-0.01427749
2026-06-25,AAPL,290.5132,0.01108667
2026-06-26,AAPL,290.3237,-0.00065238
2026-06-29,AAPL,284.916,-0.01862659
2026-06-30,AAPL,282.7554,-0.0075831
2026-07-01,AAPL,280.8268,-0.00682065
2026-07-02,AAPL,286.2023,0.0191416
2026-07-03,AAPL,288.3139,0.0073778
2026-07-06,AAPL,289.6759,0.00472424
2026-07-07,AAPL,285.0672,-0.01591004
2026-07-08,AAPL,280.5422,-0.01587335
2026-07-09,AAPL,281.33,0.00280831
2026-07-10,AAPL,294.3755,0.0463705
2026-07-13,AAPL,293.532,-0.00286519
2026-07-14,AAPL,307.1369,0.04634903
2026-07-15,AAPL,316.9736,0.03202711
2026-07-16,AAPL,295.7285,-0.06702504
2026-07-17,AAPL,288.7903,-0.02346128
2026-07-20,AAPL,278.6967,-0.03495123
2026-07-21,AAPL,281.2379,0.00911801
2026-07-22,AAPL,278.6723,-0.00912231
2026-07-23,AAPL,282.8208,0.01488653
2026-07-24,AAPL,283.4497,0.00222358
2026-07-27,AAPL,286.2143,0.00975353
2026-07-28,AAPL,287.2659,0.00367401
2026-07-29,AAPL,286.6364,-0.00219111
2026-07-30,AAPL,284.9433,-0.00590706
2026-07-31,AAPL,286.338,0.00489494
2026-08-03,AAPL,288.2175,0.00656364
2026-08-04,AAPL,286.8411,-0.00477546
2026-08-05,AAPL,280.1675,-0.02326594
2026-08-06,AAPL,280.6224,0.00162386
2026-08-07,AAPL,280.8168,0.00069273
2026-08-10,AAPL,280.1569,-0.00234987
2026-08-11,AAPL,282.7874,0.00938941
2026-08-12,AAPL,286.3884,0.01273372
2026-08-13,AAPL,285.2865,-0.00384732
2026-08-14,AAPL,284.7299,-0.00195118
2026-08-17,AAPL,277.0765,-0.02687954
2026-08-18,AAPL,279.3197,0.00809593
2023-01-03,MSFT,238.4581,-0.00642467
2023-01-04,MSFT,239.2221,0.00320398
2023-01-05,MSFT,240.1609,0.00392422
2023-01-06,MSFT,244.8976,0.01972314
2023-01-09,MSFT,245.3084,0.00167757
2023-01-10,MSFT,246.771,0.00596243
2023-01-11,MSFT,246.8725,0.00041111
2023-01-12,MSFT,246.0622,-0.00328213
2023-01-13,MSFT,244.2862,-0.00721789
2023-01-16,MSFT,245.4267,0.00466877
2023-01-17,MSFT,245.1198,-0.00125058
2023-01-18,MSFT,245.8151,0.00283655
2023-01-19,MSFT,252.4566,0.0270186
2023-01-20,MSFT,251.6124,-0.00334414
2023-01-23,MSFT,255.2872,0.01460513
2023-01-24,MSFT,258.1535,0.01122751
2023-01-25,MSFT,260.6824,0.00979625
2023-01-26,MSFT,262.1062,0.00546197
2023-01-27,MSFT,258.0804,-0.01535951
2023-01-30,MSFT,252.8618,-0.02022089
2023-01-31,MSFT,256.3567,0.01382145
2023-02-01,MSFT,254.5113,-0.00719876
2023-02-02,MSFT,253.4081,-0.00433458
2023-02-03,MSFT,254.3856,0.00385758
2023-02-06,MSFT,254.3808,-1.895e-05
2023-02-07,MSFT,251.5869,-0.01098324
2023-02-08,MSFT,251.7902,0.00080812
2023-02-09,MSFT,254.0394,0.00893283
2023-02-10,MSFT,249.9179,-0.0162238
2023-02-13,MSFT,248.8156,-0.00441069
2023-02-14,MSFT,243.7435,-0.02038502
2023-02-15,MSFT,245.2744,0.00628085
2023-02-16,MSFT,249.2126,0.01605623
2023-02-17,MSFT,248.8564,-0.0014292
2023-02-20,MSFT,252.3855,0.01418122
2023-02-21,MSFT,256.7023,0.01710421
2023-02-22,MSFT,253.9168,-0.01085108
2023-02-23,MSFT,254.6629,0.00293805
2023-02-24,MSFT,260.745,0.02388309
2023-02-27,MSFT,264.5116,0.01444575
2023-02-28,MSFT,263.9387,-0.00216597
2023-03-01,MSFT,268.4168,0.01696646
2023-03-02,MSFT,266.3746,-0.00760852
2023-03-03,MSFT,268.3137,0.0072796
2023-03-06,MSFT,267.9474,-0.00136514
2023-03-07,MSFT,270.4258,0.0092498
2023-03-08,MSFT,268.7077,-0.00635353
2023-03-09,MSFT,263.4997,-0.0193817
2023-03-10,MSFT,262.2017,-0.00492584
2023-03-13,MSFT,258.5578,-0.01389758
2023-03-14,MSFT,257.0101,-0.00598568
2023-03-15,MSFT,258.0107,0.00389321
2023-03-16,MSFT,256.9377,-0.00415859
2023-03-17,MSFT,254.0882,-0.01109051
2023-03-20,MSFT,252.7201,-0.00538414
2023-03-21,MSFT,252.5671,-0.00060564
2023-03-22,MSFT,248.5697,-0.01582676
2023-03-23,MSFT,243.024,-0.02231044
2023-03-24,MSFT,239.8458,-0.01307791
2023-03-27,MSFT,239.2257,-0.00258538
2023-03-28,MSFT,237.8523,-0.00574093
2023-03-29,MSFT,239.518,0.00700285
2023-03-30,MSFT,239.5972,0.00033086
2023-03-31,MSFT,241.8029,0.00920597
2023-04-03,MSFT,241.7286,-0.00030763
2023-04-04,MSFT,240.9346,-0.00328456
2023-04-05,MSFT,237.0051,-0.01630917
2023-04-06,MSFT,233.6249,-0.01426231
2023-04-07,MSFT,232.0756,-0.00663173
2023-04-10,MSFT,232.3006,0.00096985
2023-04-11,MSFT,233.0189,0.003092
2023-04-12,MSFT,237.9208,0.02103659
2023-04-13,MSFT,239.7747,0.00779181
2023-04-14,MSFT,240.5778,0.00334937
2023-04-17,MSFT,238.5947,-0.008243
2023-04-18,MSFT,237.9895,-0.00253644
2023-04-19,MSFT,240.2049,0.00930859
2023-04-20,MSFT,243.7429,0.01472945
2023-04-21,MSFT,246.5784,0.01163283
2023-04-24,MSFT,251.3904,0.01951531
2023-04-25,MSFT,244.3456,-0.02802325
2023-04-26,MSFT,243.5897,-0.00309385
2023-04-27,MSFT,240.6778,-0.01195393
2023-04-28,MSFT,247.541,0.02851618
2023-05-01,MSFT,247.3428,-0.00080063
2023-05-02,MSFT,244.1232,-0.01301692
2023-05-03,MSFT,244.2831,0.0006549
2023-05-04,MSFT,241.4679,-0.01152417
2023-05-05,MSFT,234.3736,-0.02937993
2023-05-08,MSFT,240.7302,0.02712175
2023-05-09,MSFT,235.8065,-0.0204532
2023-05-10,MSFT,238.9177,0.01319371
2023-05-11,MSFT,236.7235,-0.00918381
2023-05-12,MSFT,229.4124,-0.03088471
2023-05-15,MSFT,232.9448,0.01539768
2023-05-16,MSFT,234.2219,0.00548231
2023-05-17,MSFT,238.0679,0.01642032
2023-05-18,MSFT,234.2932,-0.0158555
2023-05-19,MSFT,236.0017,0.0072924
2023-05-22,MSFT,229.3564,-0.02815785
2023-05-23,MSFT,230.4783,0.00489153
2023-05-24,MSFT,230.4562,-9.587e-05
2023-05-25,MSFT,233.5484,0.01341753
2023-05-26,MSFT,236.6355,0.01321811
2023-05-29,MSFT,235.9031,-0.00309471
2023-05-30,MSFT,232.4282,-0.01473024
2023-05-31,MSFT,232.1769,-0.00108115
2023-06-01,MSFT,227.0741,-0.02197834
2023-06-02,MSFT,228.9451,0.00823957
2023-06-05,MSFT,225.5005,-0.01504559
2023-06-06,MSFT,226.2164,0.00317488
2023-06-07,MSFT,229.1164,0.01281968
2023-06-08,MSFT,227.9275,-0.00518919
2023-06-09,MSFT,227.2167,-0.00311868
2023-06-12,MSFT,229.7252,0.01104034
2023-06-13,MSFT,234.0535,0.01884107
2023-06-14,MSFT,235.4868,0.00612386
2023-06-15,MSFT,234.7707,-0.00304076
2023-06-16,MSFT,231.1101,-0.01559238
2023-06-19,MSFT,229.3606,-0.00756987
2023-06-20,MSFT,226.6514,-0.01181229
2023-06-21,MSFT,228.8195,0.00956606
2023-06-22,MSFT,226.6938,-0.0092897
2023-06-23,MSFT,221.7745,-0.02170052
2023-06-26,MSFT,219.8998,-0.00845301
2023-06-27,MSFT,221.1371,0.0056266
2023-06-28,MSFT,225.3372,0.01899318
2023-06-29,MSFT,220.4943,-0.0214916
2023-06-30,MSFT,208.5482,-0.05417899
2023-07-03,MSFT,206.2219,-0.0111546
2023-07-04,MSFT,207.9635,0.00844518
2023-07-05,MSFT,210.9117,0.01417643
2023-07-06,MSFT,215.4325,0.02143479
2023-07-07,MSFT,209.0217,-0.02975809
2023-07-10,MSFT,211.5884,0.01227968
2023-07-11,MSFT,214.8501,0.01541521
2023-07-12,MSFT,211.7833,-0.01427379
2023-07-13,MSFT,210.8303,-0.00450008
2023-07-14,MSFT,214.8646,0.01913545
2023-07-17,MSFT,212.8779,-0.00924644
2023-07-18,MSFT,219.6123,0.03163526
2023-07-19,MSFT,221.0364,0.00648459
2023-07-20,MSFT,217.9004,-0.01418769
2023-07-21,MSFT,214.6935,-0.01471725
2023-07-24,MSFT,213.9505,-0.00346111
2023-07-25,MSFT,213.8697,-0.00037761
2023-07-26,MSFT,212.9541,-0.00428116
2023-07-27,MSFT,206.1377,-0.03200867
2023-07-28,MSFT,198.8791,-0.0352122
2023-07-31,MSFT,200.2904,0.00709625
2023-08-01,MSFT,209.7237,0.04709779
2023-08-02,MSFT,217.6141,0.03762331
2023-08-03,MSFT,213.9071,-0.01703516
2023-08-04,MSFT,211.5099,-0.01120662
2023-08-07,MSFT,207.2935,-0.01993469
2023-08-08,MSFT,202.9138,-0.0211279
2023-08-09,MSFT,211.7304,0.04344993
2023-08-10,MSFT,211.1683,-0.00265502
2023-08-11,MSFT,203.4278,-0.03665561
2023-08-14,MSFT,204.3156,0.00436423
2023-08-15,MSFT,203.5855,-0.00357306
2023-08-16,MSFT,202.9629,-0.00305841
2023-08-17,MSFT,193.2016,-0.04809417
2023-08-18,MSFT,189.3054,-0.02016612
2023-08-21,MSFT,188.1308,-0.00620512
2023-08-22,MSFT,199.0664,0.05812783
2023-08-23,MSFT,200.4682,0.00704182
2023-08-24,MSFT,204.5951,0.0205864
2023-08-25,MSFT,209.9654,0.02624852
2023-08-28,MSFT,218.9375,0.04273114
2023-08-29,MSFT,218.8922,-0.00020662
2023-08-30,MSFT,206.4138,-0.05700738
2023-08-31,MSFT,205.0047,-0.00682652
2023-09-01,MSFT,205.576,0.00278685
2023-09-04,MSFT,206.0861,0.00248138
2023-09-05,MSFT,202.1673,-0.01901541
2023-09-06,MSFT,208.8098,0.03285631
2023-09-07,MSFT,201.8386,-0.03338551
2023-09-08,MSFT,208.8446,0.03471113
2023-09-11,MSFT,206.0531,-0.01336621
2023-09-12,MSFT,201.9431,-0.01994644
2023-09-13,MSFT,204.0026,0.01019835
2023-09-14,MSFT,205.592,0.00779087
2023-09-15,MSFT,211.0422,0.02650988
2023-09-18,MSFT,206.8338,-0.01994078
2023-09-19,MSFT,200.8883,-0.02874556
2023-09-20,MSFT,202.6074,0.00855758
2023-09-21,MSFT,206.7935,0.02066112
2023-09-22,MSFT,205.8499,-0.00456272
2023-09-25,MSFT,206.8763,0.00498574
2023-09-26,MSFT,208.9655,0.010099
2023-09-27,MSFT,211.9825,0.01443795
2023-09-28,MSFT,214.198,0.01045098
2023-09-29,MSFT,213.6994,-0.00232739
2023-10-02,MSFT,211.3338,-0.01106989
2023-10-03,MSFT,213.4247,0.00989378
2023-10-04,MSFT,212.6138,-0.00379935
2023-10-05,MSFT,213.5113,0.00422115
2023-10-06,MSFT,211.5255,-0.00930074
2023-10-09,MSFT,209.79,-0.00820457
2023-10-10,MSFT,209.6384,-0.00072281
2023-10-11,MSFT,210.5501,0.00434914
2023-10-12,MSFT,210.6461,0.00045578
2023-10-13,MSFT,212.5185,0.00888885
2023-10-16,MSFT,215.0187,0.01176468
2023-10-17,MSFT,216.7812,0.00819714
2023-10-18,MSFT,217.2196,0.00202218
2023-10-19,MSFT,212.4758,-0.02183881
2023-10-20,MSFT,215.321,0.01339075
2023-10-23,MSFT,213.3969,-0.00893618
2023-10-24,MSFT,213.0211,-0.001761
2023-10-25,MSFT,215.2753,0.01058207
2023-10-26,MSFT,221.1668,0.02736756
2023-10-27,MSFT,224.0628,0.01309421
2023-10-30,MSFT,224.9478,0.00394973
2023-10-31,MSFT,229.2191,0.01898792
2023-11-01,MSFT,230.6932,0.00643094
2023-11-02,MSFT,231.4797,0.0034094
2023-11-03,MSFT,234.0488,0.01109837
2023-11-06,MSFT,235.1139,0.00455084
2023-11-07,MSFT,240.9317,0.0247447
2023-11-08,MSFT,241.7107,0.00323341
2023-11-09,MSFT,245.0636,0.0138712
2023-11-10,MSFT,237.1688,-0.03221519
2023-11-13,MSFT,238.6683,0.00632252
2023-11-14,MSFT,232.2219,-0.02700967
2023-11-15,MSFT,229.5898,-0.01133475
2023-11-16,MSFT,229.0804,-0.0022184
2023-11-17,MSFT,232.039,0.0129147
2023-11-20,MSFT,229.1317,-0.0125293
2023-11-21,MSFT,237.5257,0.03663389
2023-11-22,MSFT,242.5337,0.02108439
2023-11-23,MSFT,241.088,-0.00596097
2023-11-24,MSFT,249.1982,0.03363992
2023-11-27,MSFT,240.9814,-0.03297278
2023-11-28,MSFT,250.6873,0.04027632
2023-11-29,MSFT,263.0081,0.04914838
2023-11-30,MSFT,262.9763,-0.00012114
2023-12-01,MSFT,264.7968,0.00692258
2023-12-04,MSFT,278.0078,0.04989143
2023-12-05,MSFT,280.3552,0.00844332
2023-12-06,MSFT,278.9578,-0.0049843
2023-12-07,MSFT,268.5684,-0.03724371
2023-12-08,MSFT,265.9176,-0.00986991
2023-12-11,MSFT,259.5992,-0.02376083
2023-12-12,MSFT,253.1478,-0.02485151
2023-12-13,MSFT,253.1264,-8.422e-05
2023-12-14,MSFT,249.1537,-0.01569476
2023-12-15,MSFT,249.1031,-0.00020306
2023-12-18,MSFT,255.8521,0.02709343
2023-12-19,MSFT,258.5681,0.01061553
2023-12-20,MSFT,259.8998,0.00515
2023-12-21,MSFT,261.2641,0.00524926
2023-12-22,MSFT,258.1136,-0.01205856
2023-12-25,MSFT,256.8661,-0.00483314
2023-12-26,MSFT,258.196,0.0051776
2023-12-27,MSFT,259.5906,0.00540137
2023-12-28,MSFT,257.4225,-0.00835218
2023-12-29,MSFT,259.2936,0.00726866
2024-01-01,MSFT,264.7313,0.02097126
2024-01-02,MSFT,264.033,-0.0026377
2024-01-03,MSFT,252.9166,-0.04210235
2024-01-04,MSFT,260.1225,0.02849124
2024-01-05,MSFT,255.9446,-0.0160613
2024-01-08,MSFT,266.3859,0.04079501
2024-01-09,MSFT,276.6932,0.03869321
2024-01-10,MSFT,275.5964,-0.00396391
2024-01-11,MSFT,272.8512,-0.00996103
2024-01-12,MSFT,269.5577,-0.01207089
2024-01-15,MSFT,272.7592,0.01187685
2024-01-16,MSFT,274.1591,0.00513269
2024-01-17,MSFT,275.9184,0.00641677
2024-01-18,MSFT,276.5755,0.00238158
2024-01-19,MSFT,275.1724,-0.005073
2024-01-22,MSFT,274.437,-0.00267264
2024-01-23,MSFT,276.1466,0.00622957
2024-01-24,MSFT,278.0923,0.00704583
2024-01-25,MSFT,279.6713,0.00567816
2024-01-26,MSFT,281.465,0.00641364
2024-01-29,MSFT,283.6624,0.00780671
2024-01-30,MSFT,288.6161,0.01746335
2024-01-31,MSFT,288.3533,-0.00091031
2024-02-01,MSFT,291.2133,0.00991826
2024-02-02,MSFT,290.8264,-0.00132839
2024-02-05,MSFT,294.6603,0.01318266
2024-02-06,MSFT,294.694,0.00011443
2024-02-07,MSFT,294.3824,-0.00105751
2024-02-08,MSFT,291.9594,-0.00823081
2024-02-09,MSFT,294.2363,0.00779877
2024-02-12,MSFT,291.6246,-0.00887621
2024-02-13,MSFT,288.338,-0.01126993
2024-02-14,MSFT,291.7779,0.01192991
2024-02-15,MSFT,286.468,-0.01819825
2024-02-16,MSFT,286.4851,5.948e-05
2024-02-19,MSFT,288.8871,0.00838467
2024-02-20,MSFT,291.9735,0.01068364
2024-02-21,MSFT,292.8222,0.00290689
2024-02-22,MSFT,294.5526,0.00590928
2024-02-23,MSFT,297.8235,0.01110459
2024-02-26,MSFT,289.792,-0.0269674
2024-02-27,MSFT,287.5613,-0.00769755
2024-02-28,MSFT,279.7658,-0.02710898
2024-02-29,MSFT,278.9078,-0.00306681
2024-03-01,MSFT,279.2463,0.00121357
2024-03-04,MSFT,282.5258,0.01174427
2024-03-05,MSFT,284.6062,0.00736341
2024-03-06,MSFT,279.528,-0.01784293
2024-03-07,MSFT,279.1888,-0.00121333
2024-03-08,MSFT,278.7095,-0.00171668
2024-03-11,MSFT,275.7379,-0.01066195
2024-03-12,MSFT,278.3104,0.00932922
2024-03-13,MSFT,282.9363,0.01662141
2024-03-14,MSFT,286.1641,0.01140838
2024-03-15,MSFT,290.3256,0.01454216
2024-03-18,MSFT,290.3797,0.00018634
2024-03-19,MSFT,296.5174,0.0211369
2024-03-20,MSFT,295.4208,-0.00369804
2024-03-21,MSFT,295.2496,-0.00057962
2024-03-22,MSFT,294.2857,-0.00326479
2024-03-25,MSFT,293.9735,-0.0010607
2024-03-26,MSFT,295.0639,0.00370897
2024-03-27,MSFT,283.6128,-0.03880874
2024-03-28,MSFT,284.6483,0.00365112
2024-03-29,MSFT,279.2527,-0.01895554
2024-04-01,MSFT,285.4749,0.0222816
2024-04-02,MSFT,284.8922,-0.00204113
2024-04-03,MSFT,280.1581,-0.01661693
2024-04-04,MSFT,293.4934,0.04759923
2024-04-05,MSFT,304.8721,0.03876984
2024-04-08,MSFT,313.1991,0.0273131
2024-04-09,MSFT,302.9744,-0.03264627
2024-04-10,MSFT,298.5949,-0.01445491
2024-04-11,MSFT,288.963,-0.03225724
2024-04-12,MSFT,282.9021,-0.02097478
2024-04-15,MSFT,290.5038,0.02687051
2024-04-16,MSFT,287.2516,-0.0111953
2024-04-17,MSFT,279.3426,-0.02753323
2024-04-18,MSFT,271.8527,-0.02681245
2024-04-19,MSFT,273.9229,0.00761504
2024-04-22,MSFT,278.4638,0.01657735
2024-04-23,MSFT,275.3882,-0.0110448
2024-04-24,MSFT,287.4748,0.04388901
2024-04-25,MSFT,278.8591,-0.02997009
2024-04-26,MSFT,272.2344,-0.02375638
2024-04-29,MSFT,273.4322,0.00439982
2024-04-30,MSFT,266.6417,-0.02483439
2024-05-01,MSFT,263.9034,-0.0102694
2024-05-02,MSFT,258.2857,-0.0212873
2024-05-03,MSFT,257.437,-0.00328582
2024-05-06,MSFT,251.5881,-0.02271975
2024-05-07,MSFT,250.569,-0.00405073
2024-05-08,MSFT,256.7144,0.0245261
2024-05-09,MSFT,266.0667,0.03643066
2024-05-10,MSFT,270.2153,0.01559227
2024-05-13,MSFT,266.2928,-0.01451632
2024-05-14,MSFT,261.6119,-0.01757785
2024-05-15,MSFT,256.0804,-0.02114394
2024-05-16,MSFT,246.1374,-0.0388278
2024-05-17,MSFT,242.663,-0.0141157
2024-05-20,MSFT,245.0985,0.01003656
2024-05-21,MSFT,252.8609,0.03167083
2024-05-22,MSFT,255.9566,0.01224239
2024-05-23,MSFT,260.1958,0.0165623
2024-05-24,MSFT,272.5957,0.04765612
2024-05-27,MSFT,275.9014,0.01212672
2024-05-28,MSFT,266.9442,-0.03246522
2024-05-29,MSFT,267.2534,0.00115842
2024-05-30,MSFT,262.7985,-0.01666924
2024-05-31,MSFT,274.8638,0.04591087
2024-06-03,MSFT,270.6441,-0.01535215
2024-06-04,MSFT,265.0203,-0.02077928
2024-06-05,MSFT,257.6548,-0.02779199
2024-06-06,MSFT,251.6984,-0.0231181
2024-06-07,MSFT,245.3426,-0.02525157
2024-06-10,MSFT,241.9332,-0.01389637
2024-06-11,MSFT,244.5461,0.01080021
2024-06-12,MSFT,249.9436,0.02207143
2024-06-13,MSFT,250.1575,0.00085581
2024-06-14,MSFT,249.5743,-0.00233138
2024-06-17,MSFT,250.0666,0.00197244
2024-06-18,MSFT,251.5325,0.00586222
2024-06-19,MSFT,250.9755,-0.00221472
2024-06-20,MSFT,256.7821,0.02313636
2024-06-21,MSFT,255.5112,-0.00494936
2024-06-24,MSFT,252.7821,-0.0106808
2024-06-25,MSFT,255.7767,0.01184653
2024-06-26,MSFT,255.1149,-0.00258763
2024-06-27,MSFT,253.3299,-0.00699663
2024-06-28,MSFT,257.4713,0.01634785
2024-07-01,MSFT,261.8969,0.01718868
2024-07-02,MSFT,264.5467,0.0101177
2024-07-03,MSFT,263.4619,-0.00410081
2024-07-04,MSFT,258.8335,-0.01756764
2024-07-05,MSFT,258.0243,-0.00312603
2024-07-08,MSFT,261.1042,0.01193651
2024-07-09,MSFT,265.9395,0.0185185
2024-07-10,MSFT,264.6567,-0.00482379
2024-07-11,MSFT,269.8726,0.0197081
2024-07-12,MSFT,270.9245,0.00389783
2024-07-15,MSFT,278.5396,0.02810789
2024-07-16,MSFT,280.3484,0.00649386
2024-07-17,MSFT,281.2524,0.00322475
2024-07-18,MSFT,281.536,0.00100839
2024-07-19,MSFT,283.5685,0.00721898
2024-07-22,MSFT,284.0038,0.00153526
2024-07-23,MSFT,276.9301,-0.02490714
2024-07-24,MSFT,273.7937,-0.01132551
2024-07-25,MSFT,271.9391,-0.00677373
2024-07-26,MSFT,269.7794,-0.00794199
2024-07-29,MSFT,270.0228,0.00090231
2024-07-30,MSFT,265.9324,-0.01514841
2024-07-31,MSFT,268.4247,0.00937194
2024-08-01,MSFT,264.543,-0.01446091
2024-08-02,MSFT,266.6716,0.00804621
2024-08-05,MSFT,267.3253,0.00245132
2024-08-06,MSFT,263.9704,-0.01254994
2024-08-07,MSFT,259.4046,-0.01729639
2024-08-08,MSFT,261.9323,0.00974412
2024-08-09,MSFT,262.9699,0.00396137
2024-08-12,MSFT,262.2488,-0.00274212
2024-08-13,MSFT,262.3318,0.00031637
2024-08-14,MSFT,261.1335,-0.00456792
2024-08-15,MSFT,262.5294,0.00534576
2024-08-16,MSFT,260.3291,-0.00838128
2024-08-19,MSFT,260.9739,0.00247706
2024-08-20,MSFT,259.5866,-0.00531598
2024-08-21,MSFT,256.9167,-0.01028523
2024-08-22,MSFT,255.1694,-0.00680113
2024-08-23,MSFT,255.4034,0.00091706
2024-08-26,MSFT,254.764,-0.00250351
2024-08-27,MSFT,256.4525,0.00662767
2024-08-28,MSFT,256.1103,-0.00133416
2024-08-29,MSFT,259.6011,0.01362984
2024-08-30,MSFT,263.4139,0.01468733
2024-09-02,MSFT,260.6501,-0.01049209
2024-09-03,MSFT,260.5686,-0.00031266
2024-09-04,MSFT,262.0492,0.00568218
2024-09-05,MSFT,262.4354,0.00147366
2024-09-06,MSFT,260.456,-0.00754262
2024-09-09,MSFT,261.115,0.00253026
2024-09-10,MSFT,261.8559,0.0028374
2024-09-11,MSFT,262.3629,0.00193613
2024-09-12,MSFT,264.639,0.00867558
2024-09-13,MSFT,272.7978,0.03083005
2024-09-16,MSFT,266.4755,-0.02317599
2024-09-17,MSFT,269.5748,0.01163065
2024-09-18,MSFT,274.9491,0.01993646
2024-09-19,MSFT,278.5225,0.01299638
2024-09-20,MSFT,278.3875,-0.0004847
2024-09-23,MSFT,278.3313,-0.00020188
2024-09-24,MSFT,269.2815,-0.03251449
2024-09-25,MSFT,264.7671,-0.01676456
2024-09-26,MSFT,263.2498,-0.00573055
2024-09-27,MSFT,263.8796,0.0023924
2024-09-30,MSFT,262.2201,-0.00628895
2024-10-01,MSFT,262.5341,0.00119727
2024-10-02,MSFT,258.6364,-0.01484618
2024-10-03,MSFT,257.6342,-0.00387514
2024-10-04,MSFT,261.9085,0.01659073
2024-10-07,MSFT,256.7402,-0.01973313
2024-10-08,MSFT,254.9854,-0.00683493
2024-10-09,MSFT,253.2785,-0.00669443
2024-10-10,MSFT,254.7596,0.00584791
2024-10-11,MSFT,253.6561,-0.00433162
2024-10-14,MSFT,251.4356,-0.00875396
2024-10-15,MSFT,252.9262,0.00592845
2024-10-16,MSFT,253.4436,0.00204559
2024-10-17,MSFT,253.2075,-0.00093154
2024-10-18,MSFT,254.0062,0.00315446
2024-10-21,MSFT,256.7682,0.01087349
2024-10-22,MSFT,259.474,0.01053808
2024-10-23,MSFT,260.4405,0.00372479
2024-10-24,MSFT,259.6482,-0.00304202
2024-10-25,MSFT,260.3586,0.00273585
2024-10-28,MSFT,263.4583,0.0119054
2024-10-29,MSFT,264.4444,0.00374313
2024-10-30,MSFT,263.2778,-0.00441179
2024-10-31,MSFT,261.0412,-0.00849491
2024-11-01,MSFT,258.993,-0.00784643
2024-11-04,MSFT,258.2948,-0.0026956
2024-11-05,MSFT,257.9745,-0.00124009
2024-11-06,MSFT,255.0336,-0.01139998
2024-11-07,MSFT,253.6811,-0.00530354
2024-11-08,MSFT,252.5935,-0.00428718
2024-11-11,MSFT,256.4586,0.01530184
2024-11-12,MSFT,257.2675,0.00315393
2024-11-13,MSFT,255.0386,-0.00866378
2024-11-14,MSFT,260.213,0.02028872
2024-11-15,MSFT,261.0258,0.00312364
2024-11-18,MSFT,264.192,0.01212999
2024-11-19,MSFT,264.5804,0.00147006
2024-11-20,MSFT,265.9281,0.00509372
2024-11-21,MSFT,265.7358,-0.00072325
2024-11-22,MSFT,267.1833,0.00544712
2024-11-25,MSFT,268.8548,0.00625609
2024-11-26,MSFT,263.3703,-0.02039926
2024-11-27,MSFT,267.2592,0.01476572
2024-11-28,MSFT,271.8437,0.01715391
2024-11-29,MSFT,270.934,-0.00334648
2024-12-02,MSFT,277.162,0.02298697
2024-12-03,MSFT,273.8464,-0.01196271
2024-12-04,MSFT,278.2632,0.01612883
2024-12-05,MSFT,278.049,-0.00076961
2024-12-06,MSFT,278.7005,0.00234293
2024-12-09,MSFT,278.723,8.089e-05
2024-12-10,MSFT,274.2533,-0.01603654
2024-12-11,MSFT,279.6835,0.01980023
2024-12-12,MSFT,277.7207,-0.00701808
2024-12-13,MSFT,270.8655,-0.0246837
2024-12-16,MSFT,272.077,0.00447251
2024-12-17,MSFT,271.9178,-0.0005849
2024-12-18,MSFT,273.0545,0.00418027
2024-12-19,MSFT,268.524,-0.01659209
2024-12-20,MSFT,265.2199,-0.01230462
2024-12-23,MSFT,266.2183,0.0037643
2024-12-24,MSFT,266.6845,0.0017515
2024-12-25,MSFT,270.5195,0.01438006
2024-12-26,MSFT,272.4969,0.00730976
2024-12-27,MSFT,273.5152,0.00373674
2024-12-30,MSFT,270.1723,-0.01222201
2024-12-31,MSFT,270.1623,-3.7e-05
2025-01-01,MSFT,267.2579,-0.01075036
2025-01-02,MSFT,267.2034,-0.00020403
2025-01-03,MSFT,269.4794,0.00851774
2025-01-06,MSFT,270.2649,0.00291512
2025-01-07,MSFT,271.3384,0.00397204
2025-01-08,MSFT,271.6442,0.0011267
2025-01-09,MSFT,274.4804,0.01044094
2025-01-10,MSFT,274.2729,-0.00075596
2025-01-13,MSFT,272.7268,-0.00563712
2025-01-14,MSFT,275.506,0.01019037
2025-01-15,MSFT,276.0739,0.00206156
2025-01-16,MSFT,277.7892,0.00621316
2025-01-17,MSFT,275.6502,-0.00770005
2025-01-20,MSFT,273.2748,-0.00861754
2025-01-21,MSFT,269.5722,-0.01354912
2025-01-22,MSFT,269.8201,0.00091961
2025-01-23,MSFT,270.846,0.0038023
2025-01-24,MSFT,274.7345,0.01435693
2025-01-27,MSFT,275.0297,0.00107455
2025-01-28,MSFT,270.9544,-0.0148178
2025-01-29,MSFT,275.8415,0.01803669
2025-01-30,MSFT,272.0467,-0.0137574
2025-01-31,MSFT,270.8595,-0.00436374
2025-02-03,MSFT,274.3908,0.01303714
2025-02-04,MSFT,275.4796,0.00396812
2025-02-05,MSFT,272.9152,-0.00930858
2025-02-06,MSFT,270.322,-0.00950188
2025-02-07,MSFT,270.1612,-0.0005951
2025-02-10,MSFT,270.8152,0.00242102
2025-02-11,MSFT,277.6638,0.02528864
2025-02-12,MSFT,277.2058,-0.00164927
2025-02-13,MSFT,279.6052,0.00865539
2025-02-14,MSFT,280.6378,0.00369305
2025-02-17,MSFT,276.7218,-0.01395375
2025-02-18,MSFT,282.1779,0.01971676
2025-02-19,MSFT,284.7124,0.00898204
2025-02-20,MSFT,282.6766,-0.00715042
2025-02-21,MSFT,282.4139,-0.00092937
2025-02-24,MSFT,280.2366,-0.00770955
2025-02-25,MSFT,281.6528,0.00505344
2025-02-26,MSFT,287.1752,0.01960714
2025-02-27,MSFT,289.7771,0.00906041
2025-02-28,MSFT,294.601,0.01664706
2025-03-03,MSFT,290.8305,-0.01279875
2025-03-04,MSFT,295.0387,0.01446946
2025-03-05,MSFT,297.0771,0.00690908
2025-03-06,MSFT,301.6015,0.01522953
2025-03-07,MSFT,307.7697,0.02045178
2025-03-10,MSFT,306.4095,-0.00441972
2025-03-11,MSFT,304.2927,-0.00690831
2025-03-12,MSFT,303.7055,-0.0019298
2025-03-13,MSFT,302.3364,-0.00450806
2025-03-14,MSFT,301.6923,-0.00213041
2025-03-17,MSFT,296.5408,-0.01707528
2025-03-18,MSFT,297.4951,0.00321815
2025-03-19,MSFT,296.3645,-0.00380033
2025-03-20,MSFT,299.6413,0.01105653
2025-03-21,MSFT,300.6704,0.00343458
2025-03-24,MSFT,295.4978,-0.01720359
2025-03-25,MSFT,294.3487,-0.00388864
2025-03-26,MSFT,297.3005,0.01002805
2025-03-27,MSFT,299.9864,0.00903429
2025-03-28,MSFT,301.0374,0.00350351
2025-03-31,MSFT,301.3788,0.00113413
2025-04-01,MSFT,301.9852,0.00201198
2025-04-02,MSFT,301.8824,-0.00034021
2025-04-03,MSFT,302.3878,0.00167393
2025-04-04,MSFT,302.5966,0.00069054
2025-04-07,MSFT,299.9803,-0.0086462
2025-04-08,MSFT,300.963,0.00327609
2025-04-09,MSFT,297.526,-0.01142007
2025-04-10,MSFT,295.4836,-0.00686457
2025-04-11,MSFT,299.6507,0.01410268
2025-04-14,MSFT,296.1672,-0.01162524
2025-04-15,MSFT,292.8658,-0.01114697
2025-04-16,MSFT,294.0257,0.00396053
2025-04-17,MSFT,289.8276,-0.01427803
2025-04-18,MSFT,289.3345,-0.00170162
2025-04-21,MSFT,283.817,-0.01906956
2025-04-22,MSFT,286.1789,0.00832212
2025-04-23,MSFT,281.8618,-0.0150854
2025-04-24,MSFT,276.9259,-0.01751191
2025-04-25,MSFT,277.5717,0.00233229
2025-04-28,MSFT,280.818,0.01169525
2025-04-29,MSFT,279.0217,-0.00639661
2025-04-30,MSFT,279.7811,0.00272159
2025-05-01,MSFT,279.6105,-0.00060977
2025-05-02,MSFT,285.5698,0.02131271
2025-05-05,MSFT,282.1955,-0.01181599
2025-05-06,MSFT,285.2937,0.01097897
2025-05-07,MSFT,276.5714,-0.03057304
2025-05-08,MSFT,282.6919,0.02212998
2025-05-09,MSFT,286.8315,0.01464326
2025-05-12,MSFT,288.93,0.00731622
2025-05-13,MSFT,285.6532,-0.01134124
2025-05-14,MSFT,287.123,0.00514541
2025-05-15,MSFT,282.8094,-0.01502344
2025-05-16,MSFT,278.9618,-0.01360476
2025-05-19,MSFT,273.7935,-0.01852709
2025-05-20,MSFT,275.1844,0.00508007
2025-05-21,MSFT,272.654,-0.00919509
2025-05-22,MSFT,268.5448,-0.01507121
2025-05-23,MSFT,271.3476,0.01043711
2025-05-26,MSFT,276.504,0.01900284
2025-05-27,MSFT,280.7327,0.01529357
2025-05-28,MSFT,284.3176,0.01276958
2025-05-29,MSFT,290.128,0.02043649
2025-05-30,MSFT,292.1863,0.00709446
2025-06-02,MSFT,297.4452,0.01799828
2025-06-03,MSFT,296.1034,-0.004511
2025-06-04,MSFT,295.9529,-0.00050821
2025-06-05,MSFT,295.9684,5.237e-05
2025-06-06,MSFT,296.0232,0.00018519
2025-06-09,MSFT,296.858,0.0028199
2025-06-10,MSFT,299.9371,0.01037237
2025-06-11,MSFT,299.3262,-0.00203682
2025-06-12,MSFT,298.3568,-0.00323851
2025-06-13,MSFT,295.5943,-0.00925901
2025-06-16,MSFT,301.7179,0.02071615
2025-06-17,MSFT,301.429,-0.00095742
2025-06-18,MSFT,298.9306,-0.00828853
2025-06-19,MSFT,300.8043,0.00626804
2025-06-20,MSFT,299.1918,-0.00536068
2025-06-23,MSFT,298.0098,-0.0039506
2025-06-24,MSFT,298.2602,0.0008402
2025-06-25,MSFT,304.8934,0.02223951
2025-06-26,MSFT,300.6837,-0.01380695
2025-06-27,MSFT,303.1724,0.00827659
2025-06-30,MSFT,304.4991,0.00437614
2025-07-01,MSFT,307.8393,0.01096937
2025-07-02,MSFT,305.4799,-0.00766412
2025-07-03,MSFT,303.6836,-0.00588025
2025-07-04,MSFT,304.22,0.00176604
2025-07-07,MSFT,307.3001,0.01012458
2025-07-08,MSFT,307.828,0.00171809
2025-07-09,MSFT,307.5236,-0.00098894
2025-07-10,MSFT,307.8174,0.0009554
2025-07-11,MSFT,305.171,-0.0085974
2025-07-14,MSFT,302.9036,-0.00743
2025-07-15,MSFT,308.5544,0.01865562
2025-07-16,MSFT,303.425,-0.01662409
2025-07-17,MSFT,303.2415,-0.0006046
2025-07-18,MSFT,300.8258,-0.00796648
2025-07-21,MSFT,306.7545,0.01970807
2025-07-22,MSFT,303.2802,-0.01132577
2025-07-23,MSFT,307.0183,0.01232552
2025-07-24,MSFT,304.0213,-0.00976165
2025-07-25,MSFT,299.8591,-0.01369065
2025-07-28,MSFT,282.2068,-0.05886855
2025-07-29,MSFT,278.4232,-0.01340716
2025-07-30,MSFT,277.2639,-0.00416397
2025-07-31,MSFT,275.7305,-0.00553028
2025-08-01,MSFT,266.8432,-0.03223177
2025-08-04,MSFT,273.7432,0.02585783
2025-08-05,MSFT,276.929,0.01163801
2025-08-06,MSFT,279.3886,0.00888154
2025-08-07,MSFT,267.5192,-0.04248364
2025-08-08,MSFT,266.1552,-0.00509863
2025-08-11,MSFT,275.8325,0.03635961
2025-08-12,MSFT,269.9749,-0.02123584
2025-08-13,MSFT,279.9434,0.03692369
2025-08-14,MSFT,277.2758,-0.00952909
2025-08-15,MSFT,275.0877,-0.00789137
2025-08-18,MSFT,282.3457,0.02638441
2025-08-19,MSFT,285.847,0.01240059
2025-08-20,MSFT,286.9587,0.00388904
2025-08-21,MSFT,289.0054,0.00713258
2025-08-22,MSFT,294.6613,0.01957017
2025-08-25,MSFT,295.4196,0.00257354
2025-08-26,MSFT,298.8887,0.0117427
2025-08-27,MSFT,301.4538,0.00858238
2025-08-28,MSFT,302.5235,0.00354849
2025-08-29,MSFT,302.5415,5.951e-05
2025-09-01,MSFT,296.5423,-0.01982962
2025-09-02,MSFT,297.7494,0.00407055
2025-09-03,MSFT,304.4581,0.0225314
2025-09-04,MSFT,307.6099,0.01035211
2025-09-05,MSFT,309.2761,0.00541665
2025-09-08,MSFT,309.1339,-0.00045978
2025-09-09,MSFT,308.2136,-0.00297686
2025-09-10,MSFT,312.1926,0.01290995
2025-09-11,MSFT,308.8661,-0.01065538
2025-09-12,MSFT,310.674,0.00585346
2025-09-15,MSFT,313.214,0.00817547
2025-09-16,MSFT,315.5696,0.00752085
2025-09-17,MSFT,314.2764,-0.00409792
2025-09-18,MSFT,314.7583,0.00153337
2025-09-19,MSFT,306.6816,-0.02566012
2025-09-22,MSFT,311.9188,0.01707716
2025-09-23,MSFT,308.2511,-0.01175853
2025-09-24,MSFT,306.4533,-0.00583235
2025-09-25,MSFT,311.6826,0.01706395
2025-09-26,MSFT,313.0275,0.00431496
2025-09-29,MSFT,313.0329,1.739e-05
2025-09-30,MSFT,312.1911,-0.00268922
2025-10-01,MSFT,307.0397,-0.01650087
2025-10-02,MSFT,305.4427,-0.00520125
2025-10-03,MSFT,303.7145,-0.00565795
2025-10-06,MSFT,309.7562,0.01989275
2025-10-07,MSFT,315.1683,0.01747203
2025-10-08,MSFT,322.2647,0.02251623
2025-10-09,MSFT,320.7768,-0.00461715
2025-10-10,MSFT,327.2941,0.02031723
2025-10-13,MSFT,327.6199,0.00099549
2025-10-14,MSFT,329.4357,0.00554241
2025-10-15,MSFT,330.1788,0.00225563
2025-10-16,MSFT,328.1473,-0.00615279
2025-10-17,MSFT,324.9305,-0.00980286
2025-10-20,MSFT,324.2968,-0.00195032
2025-10-21,MSFT,327.3934,0.0095489
2025-10-22,MSFT,328.9415,0.00472859
2025-10-23,MSFT,325.2789,-0.01113464
2025-10-24,MSFT,323.7709,-0.00463605
2025-10-27,MSFT,326.9212,0.00972999
2025-10-28,MSFT,322.9753,-0.01206987
2025-10-29,MSFT,325.7376,0.00855283
2025-10-30,MSFT,329.3681,0.01114553
2025-10-31,MSFT,327.2042,-0.00656986
2025-11-03,MSFT,330.6679,0.01058553
2025-11-04,MSFT,333.1663,0.00755579
2025-11-05,MSFT,336.0431,0.00863461
2025-11-06,MSFT,339.8361,0.01128736
2025-11-07,MSFT,333.6394,-0.01823434
2025-11-10,MSFT,332.4281,-0.00363058
2025-11-11,MSFT,335.8179,0.01019689
2025-11-12,MSFT,338.3605,0.00757142
2025-11-13,MSFT,336.6446,-0.00507107
2025-11-14,MSFT,340.0551,0.01013075
2025-11-17,MSFT,335.4838,-0.01344288
2025-11-18,MSFT,337.7128,0.00664428
2025-11-19,MSFT,340.0124,0.00680935
2025-11-20,MSFT,331.8931,-0.02387949
2025-11-21,MSFT,333.3795,0.00447861
2025-11-24,MSFT,334.1217,0.00222627
2025-11-25,MSFT,336.8831,0.00826472
2025-11-26,MSFT,338.3689,0.00441041
2025-11-27,MSFT,333.3476,-0.01483997
2025-11-28,MSFT,334.6335,0.00385781
2025-12-01,MSFT,336.8745,0.00669682
2025-12-02,MSFT,335.3332,-0.00457532
2025-12-03,MSFT,356.5515,0.06327509
2025-12-04,MSFT,372.1954,0.04387567
2025-12-05,MSFT,364.1778,-0.0215414
2025-12-08,MSFT,361.7851,-0.00657003
2025-12-09,MSFT,354.9206,-0.01897392
2025-12-10,MSFT,356.4353,0.00426754
2025-12-11,MSFT,366.3717,0.02787713
2025-12-12,MSFT,369.1202,0.00750192
2025-12-15,MSFT,367.7779,-0.00363631
2025-12-16,MSFT,370.7504,0.00808214
2025-12-17,MSFT,369.5599,-0.00321099
2025-12-18,MSFT,365.0937,-0.01208506
2025-12-19,MSFT,361.7987,-0.0090251
2025-12-22,MSFT,364.9105,0.00860096
2025-12-23,MSFT,372.0238,0.0194932
2025-12-24,MSFT,364.5737,-0.02002581
2025-12-25,MSFT,349.2026,-0.04216193
2025-12-26,MSFT,355.6137,0.01835939
2025-12-29,MSFT,359.6915,0.01146685
2025-12-30,MSFT,355.4072,-0.01191106
2025-12-31,MSFT,355.5043,0.00027313
2026-01-01,MSFT,363.2281,0.0217265
2026-01-02,MSFT,362.5316,-0.0019177
2026-01-05,MSFT,358.7058,-0.01055303
2026-01-06,MSFT,360.2785,0.00438447
2026-01-07,MSFT,365.0559,0.01326017
2026-01-08,MSFT,367.0165,0.00537092
2026-01-09,MSFT,368.0092,0.00270473
2026-01-12,MSFT,364.0133,-0.01085821
2026-01-13,MSFT,369.5555,0.01522516
2026-01-14,MSFT,373.2288,0.00993981
2026-01-15,MSFT,376.1389,0.00779725
2026-01-16,MSFT,379.1144,0.00791058
2026-01-19,MSFT,380.7594,0.00433913
2026-01-20,MSFT,381.4103,0.00170932
2026-01-21,MSFT,381.8517,0.00115728
2026-01-22,MSFT,379.7092,-0.00561076
2026-01-23,MSFT,370.9032,-0.02319141
2026-01-26,MSFT,380.533,0.0259631
2026-01-27,MSFT,376.7873,-0.00984329
2026-01-28,MSFT,382.9648,0.01639524
2026-01-29,MSFT,384.8694,0.00497336
2026-01-30,MSFT,388.1651,0.00856297
2026-02-02,MSFT,385.5194,-0.00681586
2026-02-03,MSFT,384.5532,-0.0025061
2026-02-04,MSFT,381.7585,-0.00726737
2026-02-05,MSFT,383.9305,0.00568922
2026-02-06,MSFT,387.5021,0.00930274
2026-02-09,MSFT,387.5855,0.00021536
2026-02-10,MSFT,384.3647,-0.00831005
2026-02-11,MSFT,389.3416,0.01294841
2026-02-12,MSFT,382.6841,-0.01709929
2026-02-13,MSFT,392.3377,0.02522609
2026-02-16,MSFT,395.7956,0.00881338
2026-02-17,MSFT,391.5314,-0.0107736
2026-02-18,MSFT,389.4537,-0.00530668
2026-02-19,MSFT,397.6921,0.0211539
2026-02-20,MSFT,399.0579,0.00343411
2026-02-23,MSFT,403.5076,0.01115059
2026-02-24,MSFT,407.1099,0.00892758
2026-02-25,MSFT,407.581,0.00115706
2026-02-26,MSFT,408.6696,0.00267086
2026-02-27,MSFT,409.2788,0.00149085
2026-03-02,MSFT,405.2963,-0.00973057
2026-03-03,MSFT,396.844,-0.02085476
2026-03-04,MSFT,396.4907,-0.00089014
2026-03-05,MSFT,394.8733,-0.00407938
2026-03-06,MSFT,399.0065,0.0104672
2026-03-09,MSFT,398.6043,-0.00100806
2026-03-10,MSFT,395.3259,-0.0082247
2026-03-11,MSFT,389.388,-0.01502026
2026-03-12,MSFT,379.5313,-0.02531314
2026-03-13,MSFT,380.389,0.00225972
2026-03-16,MSFT,395.9857,0.04100197
2026-03-17,MSFT,392.3706,-0.00912939
2026-03-18,MSFT,390.5814,-0.00456
2026-03-19,MSFT,396.3529,0.01477686
2026-03-20,MSFT,388.9934,-0.018568
2026-03-23,MSFT,386.3225,-0.00686621
2026-03-24,MSFT,381.1946,-0.01327368
2026-03-25,MSFT,385.7832,0.01203727
2026-03-26,MSFT,384.8242,-0.00248564
2026-03-27,MSFT,383.8175,-0.002616
2026-03-30,MSFT,378.1566,-0.01474901
2026-03-31,MSFT,374.8944,-0.00862653
2026-04-01,MSFT,375.7378,0.00224966
2026-04-02,MSFT,380.0752,0.01154356
2026-04-03,MSFT,378.3337,-0.00458184
2026-04-06,MSFT,380.1594,0.00482552
2026-04-07,MSFT,372.3905,-0.02043593
2026-04-08,MSFT,375.0127,0.00704152
2026-04-09,MSFT,375.8609,0.00226191
2026-04-10,MSFT,374.9406,-0.0024485
2026-04-13,MSFT,379.1476,0.01122045
2026-04-14,MSFT,374.7262,-0.01166138
2026-04-15,MSFT,380.3938,0.01512458
2026-04-16,MSFT,371.9131,-0.02229464
2026-04-17,MSFT,373.5171,0.00431303
2026-04-20,MSFT,367.8471,-0.01518007
2026-04-21,MSFT,363.9787,-0.01051649
2026-04-22,MSFT,360.4515,-0.00969056
2026-04-23,MSFT,367.1028,0.01845259
2026-04-24,MSFT,371.1314,0.01097414
2026-04-27,MSFT,365.4912,-0.01519739
2026-04-28,MSFT,360.1992,-0.01447911
2026-04-29,MSFT,356.6318,-0.00990387
2026-04-30,MSFT,356.8594,0.00063809
2026-05-01,MSFT,357.9522,0.00306234
2026-05-04,MSFT,359.7832,0.0051152
2026-05-05,MSFT,360.9622,0.00327699
2026-05-06,MSFT,355.6119,-0.01482228
2026-05-07,MSFT,348.2466,-0.02071183
2026-05-08,MSFT,347.2623,-0.00282641
2026-05-11,MSFT,348.3115,0.00302136
2026-05-12,MSFT,343.6088,-0.01350124
2026-05-13,MSFT,347.6307,0.01170467
2026-05-14,MSFT,348.3446,0.00205382
2026-05-15,MSFT,345.1221,-0.00925105
2026-05-18,MSFT,338.6081,-0.01887443
2026-05-19,MSFT,327.5763,-0.03257998
2026-05-20,MSFT,341.4866,0.04246437
2026-05-21,MSFT,340.6416,-0.00247431
2026-05-22,MSFT,334.5338,-0.01793045
2026-05-25,MSFT,326.6396,-0.02359761
2026-05-26,MSFT,324.8404,-0.00550799
2026-05-27,MSFT,320.4688,-0.01345787
2026-05-28,MSFT,310.2477,-0.03189407
2026-05-29,MSFT,317.9338,0.02477405
2026-06-01,MSFT,296.3623,-0.06784911
2026-06-02,MSFT,294.0447,-0.00781998
2026-06-03,MSFT,302.2829,0.0280165
2026-06-04,MSFT,302.1442,-0.00045853
2026-06-05,MSFT,302.1548,3.492e-05
2026-06-08,MSFT,302.3946,0.00079364
2026-06-09,MSFT,309.475,0.02341451
2026-06-10,MSFT,313.7144,0.01369871
2026-06-11,MSFT,313.193,-0.00166222
2026-06-12,MSFT,311.0232,-0.00692782
2026-06-15,MSFT,309.885,-0.00365947
2026-06-16,MSFT,314.4065,0.01459063
2026-06-17,MSFT,313.7931,-0.00195094
2026-06-18,MSFT,312.2829,-0.0048126
2026-06-19,MSFT,310.0091,-0.00728126
2026-06-22,MSFT,308.4187,-0.00513016
2026-06-23,MSFT,308.4566,0.00012294
2026-06-24,MSFT,305.4648,-0.00969916
2026-06-25,MSFT,303.3321,-0.00698199
2026-06-26,MSFT,301.5186,-0.00597852
2026-06-29,MSFT,300.3687,-0.00381388
2026-06-30,MSFT,299.4208,-0.00315577
2026-07-01,MSFT,296.1805,-0.01082171
2026-07-02,MSFT,301.4959,0.01794636
2026-07-03,MSFT,305.4266,0.01303742
2026-07-06,MSFT,306.0101,0.00191025
2026-07-07,MSFT,302.1775,-0.01252414
2026-07-08,MSFT,297.1353,-0.01668648
2026-07-09,MSFT,295.2785,-0.00624888
2026-07-10,MSFT,301.0906,0.0196836
2026-07-13,MSFT,301.061,-9.848e-05
2026-07-14,MSFT,313.1555,0.04017277
2026-07-15,MSFT,313.1883,0.00010504
2026-07-16,MSFT,308.1447,-0.01610426
2026-07-17,MSFT,291.7584,-0.05317727
2026-07-20,MSFT,288.1527,-0.01235837
2026-07-21,MSFT,289.3954,0.00431251
2026-07-22,MSFT,285.5314,-0.01335202
2026-07-23,MSFT,291.0874,0.01945843
2026-07-24,MSFT,293.9971,0.00999595
2026-07-27,MSFT,292.2236,-0.00603215
2026-07-28,MSFT,300.3043,0.02765235
2026-07-29,MSFT,299.2236,-0.00359869
2026-07-30,MSFT,300.462,0.0041388
2026-07-31,MSFT,301.6926,0.00409546
2026-08-03,MSFT,296.9336,-0.01577409
2026-08-04,MSFT,296.3967,-0.00180812
2026-08-05,MSFT,291.5783,-0.01625675
2026-08-06,MSFT,288.4862,-0.01060449
2026-08-07,MSFT,296.5097,0.02781212
2026-08-10,MSFT,296.7014,0.00064674
2026-08-11,MSFT,299.026,0.00783459
2026-08-12,MSFT,298.4734,-0.00184797
2026-08-13,MSFT,297.1386,-0.00447184
2026-08-14,MSFT,292.9556,-0.01407759
2026-08-17,MSFT,287.7288,-0.01784171
2026-08-18,MSFT,289.3251,0.00554779
2023-01-03,NVDA,13.8548,-0.01037104
2023-01-04,NVDA,14.2763,0.03042281
2023-01-05,NVDA,14.4656,0.01325693
2023-01-06,NVDA,14.6689,0.01405366
2023-01-09,NVDA,14.7328,0.00435763
2023-01-10,NVDA,15.1404,0.0276656
2023-01-11,NVDA,15.373,0.01536301
2023-01-12,NVDA,14.9825,-0.02540088
2023-01-13,NVDA,15.0839,0.00676674
2023-01-16,NVDA,15.2368,0.01013912
2023-01-17,NVDA,15.2141,-0.00148956
2023-01-18,NVDA,15.2889,0.00491589
2023-01-19,NVDA,15.1882,-0.00658565
2023-01-20,NVDA,15.176,-0.00080358
2023-01-23,NVDA,15.7796,0.03977513
2023-01-24,NVDA,16.1372,0.02266068
2023-01-25,NVDA,16.8396,0.04352726
2023-01-26,NVDA,16.8796,0.00237385
2023-01-27,NVDA,17.0586,0.01060169
2023-01-30,NVDA,16.5834,-0.02785386
2023-01-31,NVDA,16.9582,0.02260151
2023-02-01,NVDA,16.3538,-0.03563876
2023-02-02,NVDA,16.1902,-0.01000615
2023-02-03,NVDA,16.292,0.0062849
2023-02-06,NVDA,16.1813,-0.00679031
2023-02-07,NVDA,15.9325,-0.01537676
2023-02-08,NVDA,16.0323,0.00626385
2023-02-09,NVDA,16.0109,-0.0013328
2023-02-10,NVDA,16.0908,0.00498428
2023-02-13,NVDA,16.0625,-0.00175867
2023-02-14,NVDA,15.7679,-0.01833931
2023-02-15,NVDA,16.1278,0.0228279
2023-02-16,NVDA,16.7466,0.03836559
2023-02-17,NVDA,16.7399,-0.00040106
2023-02-20,NVDA,16.9354,0.01167819
2023-02-21,NVDA,16.9854,0.00295479
2023-02-22,NVDA,16.7138,-0.01599097
2023-02-23,NVDA,16.7415,0.00165579
2023-02-24,NVDA,17.4264,0.04091513
2023-02-27,NVDA,17.7656,0.01946062
2023-02-28,NVDA,17.6249,-0.0079196
2023-03-01,NVDA,18.3989,0.04391453
2023-03-02,NVDA,18.2965,-0.00556447
2023-03-03,NVDA,18.8641,0.03102136
2023-03-06,NVDA,18.6348,-0.0121548
2023-03-07,NVDA,18.5943,-0.00216951
2023-03-08,NVDA,17.9403,-0.03517328
2023-03-09,NVDA,17.6852,-0.01422181
2023-03-10,NVDA,17.6012,-0.00474957
2023-03-13,NVDA,17.7183,0.00665326
2023-03-14,NVDA,18.0022,0.01602429
2023-03-15,NVDA,18.1107,0.0060271
2023-03-16,NVDA,18.2507,0.00772853
2023-03-17,NVDA,17.9582,-0.01602414
2023-03-20,NVDA,17.5886,-0.02058443
2023-03-21,NVDA,17.4922,-0.00547796
2023-03-22,NVDA,17.2642,-0.01303329
2023-03-23,NVDA,17.0168,-0.01433163
2023-03-24,NVDA,17.2771,0.01529485
2023-03-27,NVDA,17.4267,0.00865735
2023-03-28,NVDA,17.3147,-0.00642471
2023-03-29,NVDA,17.6076,0.01691774
2023-03-30,NVDA,17.807,0.01132459
2023-03-31,NVDA,18.4179,0.03430771
2023-04-03,NVDA,18.4691,0.00278009
2023-04-04,NVDA,18.5836,0.00619583
2023-04-05,NVDA,18.5748,-0.00047091
2023-04-06,NVDA,18.1051,-0.02528865
2023-04-07,NVDA,18.436,0.01827732
2023-04-10,NVDA,18.6398,0.01105723
2023-04-11,NVDA,18.9183,0.01493902
2023-04-12,NVDA,19.795,0.04634026
2023-04-13,NVDA,19.5668,-0.01152592
2023-04-14,NVDA,18.9758,-0.03020693
2023-04-17,NVDA,19.205,0.01207777
2023-04-18,NVDA,19.8753,0.03490228
2023-04-19,NVDA,20.127,0.01266659
2023-04-20,NVDA,20.7366,0.03028556
2023-04-21,NVDA,20.9813,0.01180207
2023-04-24,NVDA,22.3635,0.06587955
2023-04-25,NVDA,19.6391,-0.12182693
2023-04-26,NVDA,20.0321,0.02001151
2023-04-27,NVDA,19.9743,-0.0028854
2023-04-28,NVDA,20.7982,0.04124826
2023-05-01,NVDA,21.8733,0.05169541
2023-05-02,NVDA,20.3651,-0.06895169
2023-05-03,NVDA,20.7193,0.01739046
2023-05-04,NVDA,21.1856,0.0225064
2023-05-05,NVDA,19.109,-0.09801907
2023-05-08,NVDA,18.8022,-0.01605848
2023-05-09,NVDA,18.2917,-0.02714948
2023-05-10,NVDA,18.6858,0.02154355
2023-05-11,NVDA,18.6498,-0.00192291
2023-05-12,NVDA,18.0451,-0.03242273
2023-05-15,NVDA,18.3623,0.01757439
2023-05-16,NVDA,18.4418,0.00432954
2023-05-17,NVDA,18.4641,0.00120819
2023-05-18,NVDA,17.9149,-0.02974164
2023-05-19,NVDA,18.7303,0.0455161
2023-05-22,NVDA,18.509,-0.01181458
2023-05-23,NVDA,17.8365,-0.03633338
2023-05-24,NVDA,17.7906,-0.00257771
2023-05-25,NVDA,17.6484,-0.00798908
2023-05-26,NVDA,17.6719,0.00132727
2023-05-29,NVDA,17.7946,0.00694762
2023-05-30,NVDA,17.525,-0.01515209
2023-05-31,NVDA,17.6586,0.00762024
2023-06-01,NVDA,17.2095,-0.02542895
2023-06-02,NVDA,17.6355,0.02475263
2023-06-05,NVDA,16.5556,-0.06123361
2023-06-06,NVDA,17.1908,0.03836605
2023-06-07,NVDA,17.6552,0.02701339
2023-06-08,NVDA,17.6025,-0.00298409
2023-06-09,NVDA,17.6804,0.00442573
2023-06-12,NVDA,18.168,0.02757837
2023-06-13,NVDA,18.5409,0.02052397
2023-06-14,NVDA,18.4853,-0.00299517
2023-06-15,NVDA,18.5602,0.00405117
2023-06-16,NVDA,17.9544,-0.03264195
2023-06-19,NVDA,18.5896,0.03537824
2023-06-20,NVDA,18.8451,0.0137447
2023-06-21,NVDA,18.7832,-0.00328575
2023-06-22,NVDA,18.413,-0.01970739
2023-06-23,NVDA,18.1259,-0.01559162
2023-06-26,NVDA,17.8857,-0.01324894
2023-06-27,NVDA,18.1183,0.01299965
2023-06-28,NVDA,17.803,-0.0174013
2023-06-29,NVDA,16.5514,-0.07029952
2023-06-30,NVDA,16.0963,-0.02750082
2023-07-03,NVDA,15.9335,-0.01010865
2023-07-04,NVDA,15.3587,-0.03607716
2023-07-05,NVDA,14.5336,-0.05372061
2023-07-06,NVDA,14.7163,0.01256729
2023-07-07,NVDA,13.1111,-0.10907801
2023-07-10,NVDA,12.5452,-0.04316128
2023-07-11,NVDA,13.0695,0.04179615
2023-07-12,NVDA,12.9035,-0.0127027
2023-07-13,NVDA,12.6746,-0.01773615
2023-07-14,NVDA,12.722,0.00373921
2023-07-17,NVDA,12.774,0.00408606
2023-07-18,NVDA,12.991,0.01698334
2023-07-19,NVDA,13.1338,0.01099812
2023-07-20,NVDA,12.7851,-0.0265536
2023-07-21,NVDA,12.7456,-0.0030861
2023-07-24,NVDA,12.6294,-0.00911865
2023-07-25,NVDA,12.5215,-0.00854358
2023-07-26,NVDA,12.7089,0.01496645
2023-07-27,NVDA,13.4534,0.05857914
2023-07-28,NVDA,14.9171,0.10879931
2023-07-31,NVDA,14.1143,-0.0538156
2023-08-01,NVDA,15.3322,0.08628315
2023-08-02,NVDA,15.5784,0.0160619
2023-08-03,NVDA,15.5615,-0.00108306
2023-08-04,NVDA,14.2493,-0.0843243
2023-08-07,NVDA,12.7964,-0.10196156
2023-08-08,NVDA,13.2179,0.0329339
2023-08-09,NVDA,13.5925,0.02834224
2023-08-10,NVDA,12.8001,-0.0582994
2023-08-11,NVDA,11.7324,-0.08340727
2023-08-14,NVDA,11.1689,-0.04803328
2023-08-15,NVDA,11.2124,0.00389769
2023-08-16,NVDA,11.8766,0.05923368
2023-08-17,NVDA,11.0225,-0.07190939
2023-08-18,NVDA,11.8862,0.07835389
2023-08-21,NVDA,11.6368,-0.02098576
2023-08-22,NVDA,11.7916,0.01330558
2023-08-23,NVDA,12.0533,0.02219126
2023-08-24,NVDA,13.1243,0.0888538
2023-08-25,NVDA,15.1448,0.15395559
2023-08-28,NVDA,16.0928,0.0625957
2023-08-29,NVDA,15.9086,-0.01144467
2023-08-30,NVDA,14.8508,-0.06649302
2023-08-31,NVDA,15.7487,0.06046233
2023-09-01,NVDA,15.1018,-0.04108003
2023-09-04,NVDA,16.2368,0.0751561
2023-09-05,NVDA,15.3033,-0.05749285
2023-09-06,NVDA,14.2013,-0.07200583
2023-09-07,NVDA,13.2608,-0.06622937
2023-09-08,NVDA,13.2324,-0.00214282
2023-09-11,NVDA,13.1514,-0.00611623
2023-09-12,NVDA,13.3029,0.01151747
2023-09-13,NVDA,13.6356,0.0250107
2023-09-14,NVDA,14.4372,0.05878785
2023-09-15,NVDA,16.038,0.11087851
2023-09-18,NVDA,16.0937,0.00347286
2023-09-19,NVDA,15.8409,-0.01571015
2023-09-20,NVDA,16.3257,0.03060841
2023-09-21,NVDA,15.8877,-0.026832
2023-09-22,NVDA,16.4589,0.03595476
2023-09-25,NVDA,16.5883,0.00785729
2023-09-26,NVDA,17.2353,0.03900856
2023-09-27,NVDA,17.526,0.01686534
2023-09-28,NVDA,17.6915,0.00944087
2023-09-29,NVDA,17.5907,-0.00569564
2023-10-02,NVDA,17.7523,0.00918692
2023-10-03,NVDA,17.5307,-0.01248461
2023-10-04,NVDA,17.0968,-0.02474842
2023-10-05,NVDA,17.023,-0.00432086
2023-10-06,NVDA,17.1071,0.00494013
2023-10-09,NVDA,16.6318,-0.02778127
2023-10-10,NVDA,16.5268,-0.00631184
2023-10-11,NVDA,16.7328,0.01246426
2023-10-12,NVDA,16.8616,0.00769378
2023-10-13,NVDA,17.0285,0.00990164
2023-10-16,NVDA,17.2274,0.01168239
2023-10-17,NVDA,17.2042,-0.00135205
2023-10-18,NVDA,16.6159,-0.03419491
2023-10-19,NVDA,16.7707,0.00932033
2023-10-20,NVDA,17.2906,0.0309969
2023-10-23,NVDA,17.473,0.01055327
2023-10-24,NVDA,16.7562,-0.04102402
2023-10-25,NVDA,16.2336,-0.03118987
2023-10-26,NVDA,16.8877,0.04029432
2023-10-27,NVDA,18.7159,0.10825663
2023-10-30,NVDA,18.6502,-0.00350987
2023-10-31,NVDA,19.1882,0.02884673
2023-11-01,NVDA,18.4042,-0.04086119
2023-11-02,NVDA,18.4298,0.00139204
2023-11-03,NVDA,19.8564,0.07740774
2023-11-06,NVDA,19.0975,-0.03821972
2023-11-07,NVDA,19.5099,0.02159564
2023-11-08,NVDA,19.2975,-0.01088706
2023-11-09,NVDA,18.9758,-0.01667358
2023-11-10,NVDA,18.5484,-0.02252013
2023-11-13,NVDA,19.39,0.04537242
2023-11-14,NVDA,19.7074,0.0163662
2023-11-15,NVDA,18.592,-0.0565959
2023-11-16,NVDA,18.6137,0.00116496
2023-11-17,NVDA,19.8595,0.06693102
2023-11-20,NVDA,18.837,-0.05148606
2023-11-21,NVDA,18.6725,-0.00873148
2023-11-22,NVDA,19.7925,0.05997803
2023-11-23,NVDA,20.2829,0.02478086
2023-11-24,NVDA,22.4436,0.10652719
2023-11-27,NVDA,22.3287,-0.00512259
2023-11-28,NVDA,23.6328,0.05840461
2023-11-29,NVDA,25.7986,0.09164686
2023-11-30,NVDA,25.7152,-0.00323492
2023-12-01,NVDA,25.6126,-0.00398831
2023-12-04,NVDA,26.5926,0.03826398
2023-12-05,NVDA,26.8348,0.00910415
2023-12-06,NVDA,27.4854,0.02424818
2023-12-07,NVDA,27.4833,-7.782e-05
2023-12-08,NVDA,28.2326,0.02726368
2023-12-11,NVDA,25.9432,-0.08109147
2023-12-12,NVDA,24.4305,-0.05830743
2023-12-13,NVDA,25.8117,0.05653644
2023-12-14,NVDA,25.6685,-0.00554934
2023-12-15,NVDA,26.5279,0.03348086
2023-12-18,NVDA,28.4151,0.07114097
2023-12-19,NVDA,28.4941,0.0027819
2023-12-20,NVDA,28.6691,0.00614066
2023-12-21,NVDA,28.9904,0.01120651
2023-12-22,NVDA,29.164,0.00598748
2023-12-25,NVDA,28.6783,-0.0166523
2023-12-26,NVDA,28.4796,-0.00692829
2023-12-27,NVDA,28.5804,0.00353829
2023-12-28,NVDA,27.0897,-0.05215883
2023-12-29,NVDA,27.6501,0.02068908
2024-01-01,NVDA,27.9148,0.00957284
2024-01-02,NVDA,27.3319,-0.02088147
2024-01-03,NVDA,25.4564,-0.06862144
2024-01-04,NVDA,25.0441,-0.01619376
2024-01-05,NVDA,24.7907,-0.01011858
2024-01-08,NVDA,26.9951,0.08892031
2024-01-09,NVDA,31.0562,0.1504377
2024-01-10,NVDA,32.8821,0.05879281
2024-01-11,NVDA,35.0038,0.06452475
2024-01-12,NVDA,35.5868,0.0166554
2024-01-15,NVDA,35.8933,0.00861266
2024-01-16,NVDA,36.2385,0.00961846
2024-01-17,NVDA,36.5678,0.00908496
2024-01-18,NVDA,35.9982,-0.01557672
2024-01-19,NVDA,36.6437,0.01793274
2024-01-22,NVDA,36.4265,-0.00592828
2024-01-23,NVDA,37.3552,0.02549615
2024-01-24,NVDA,38.3236,0.02592422
2024-01-25,NVDA,39.8148,0.03890934
2024-01-26,NVDA,41.1795,0.03427779
2024-01-29,NVDA,41.3049,0.00304537
2024-01-30,NVDA,42.2427,0.02270373
2024-01-31,NVDA,43.0218,0.01844433
2024-02-01,NVDA,42.4908,-0.01234473
2024-02-02,NVDA,43.025,0.01257227
2024-02-05,NVDA,43.6936,0.0155401
2024-02-06,NVDA,44.1555,0.01057103
2024-02-07,NVDA,43.0929,-0.02406388
2024-02-08,NVDA,43.3368,0.00565963
2024-02-09,NVDA,42.9419,-0.00911232
2024-02-12,NVDA,43.0808,0.00323432
2024-02-13,NVDA,42.6533,-0.00992274
2024-02-14,NVDA,43.4375,0.01838485
2024-02-15,NVDA,43.5502,0.00259463
2024-02-16,NVDA,44.0123,0.01061057
2024-02-19,NVDA,44.6285,0.01400173
2024-02-20,NVDA,44.9223,0.00658335
2024-02-21,NVDA,44.9212,-2.503e-05
2024-02-22,NVDA,45.2701,0.00776756
2024-02-23,NVDA,44.3251,-0.02087591
2024-02-26,NVDA,43.4917,-0.01880093
2024-02-27,NVDA,42.8995,-0.0136175
2024-02-28,NVDA,41.6402,-0.02935429
2024-02-29,NVDA,41.8401,0.00480113
2024-03-01,NVDA,42.2861,0.01065969
2024-03-04,NVDA,42.6531,0.00867795
2024-03-05,NVDA,42.7676,0.0026847
2024-03-06,NVDA,41.3899,-0.03221218
2024-03-07,NVDA,41.8742,0.01169939
2024-03-08,NVDA,43.1945,0.03152942
2024-03-11,NVDA,42.259,-0.02165769
2024-03-12,NVDA,43.1439,0.02094134
2024-03-13,NVDA,44.2321,0.02522299
2024-03-14,NVDA,45.1075,0.01979024
2024-03-15,NVDA,46.3674,0.02793002
2024-03-18,NVDA,46.7659,0.00859624
2024-03-19,NVDA,46.3226,-0.00948046
2024-03-20,NVDA,45.2166,-0.02387633
2024-03-21,NVDA,45.1703,-0.00102285
2024-03-22,NVDA,43.6772,-0.03305563
2024-03-25,NVDA,43.4913,-0.0042564
2024-03-26,NVDA,43.4984,0.00016483
2024-03-27,NVDA,43.7977,0.00687859
2024-03-28,NVDA,43.152,-0.01474237
2024-03-29,NVDA,42.3128,-0.01944583
2024-04-01,NVDA,44.8681,0.06038927
2024-04-02,NVDA,42.4128,-0.05472185
2024-04-03,NVDA,44.6,0.05156925
2024-04-04,NVDA,48.1725,0.08010145
2024-04-05,NVDA,46.0748,-0.04354601
2024-04-08,NVDA,44.7149,-0.02951448
2024-04-09,NVDA,43.0848,-0.03645625
2024-04-10,NVDA,43.9658,0.02044887
2024-04-11,NVDA,44.3162,0.00796906
2024-04-12,NVDA,41.0146,-0.07450033
2024-04-15,NVDA,42.6617,0.04015672
2024-04-16,NVDA,44.97,0.05410759
2024-04-17,NVDA,43.7019,-0.02819781
2024-04-18,NVDA,40.9533,-0.06289403
2024-04-19,NVDA,38.2938,-0.06494093
2024-04-22,NVDA,37.7533,-0.01411364
2024-04-23,NVDA,36.5862,-0.03091347
2024-04-24,NVDA,35.5296,-0.02888021
2024-04-25,NVDA,32.8098,-0.07655157
2024-04-26,NVDA,29.8915,-0.08894514
2024-04-29,NVDA,32.2366,0.07845447
2024-04-30,NVDA,32.7862,0.01704945
2024-05-01,NVDA,35.9205,0.09559722
2024-05-02,NVDA,36.1331,0.00591905
2024-05-03,NVDA,35.7855,-0.00961976
2024-05-06,NVDA,35.8774,0.00256632
2024-05-07,NVDA,34.7497,-0.03143114
2024-05-08,NVDA,37.4296,0.07711907
2024-05-09,NVDA,38.1673,0.01971092
2024-05-10,NVDA,42.1134,0.10338725
2024-05-13,NVDA,43.1245,0.02401045
2024-05-14,NVDA,39.4905,-0.08426751
2024-05-15,NVDA,35.559,-0.09955646
2024-05-16,NVDA,33.6421,-0.05390674
2024-05-17,NVDA,33.0718,-0.01695347
2024-05-20,NVDA,34.2946,0.0369752
2024-05-21,NVDA,39.1405,0.14130228
2024-05-22,NVDA,40.3025,0.02968876
2024-05-23,NVDA,41.0805,0.01930233
2024-05-24,NVDA,43.06,0.04818658
2024-05-27,NVDA,42.7309,-0.00764336
2024-05-28,NVDA,42.621,-0.00257115
2024-05-29,NVDA,42.5621,-0.00138179
2024-05-30,NVDA,42.4141,-0.00347823
2024-05-31,NVDA,43.6526,0.02920192
2024-06-03,NVDA,42.8824,-0.01764383
2024-06-04,NVDA,41.1296,-0.04087493
2024-06-05,NVDA,41.137,0.00018054
2024-06-06,NVDA,41.6716,0.01299525
2024-06-07,NVDA,40.2899,-0.03315794
2024-06-10,NVDA,39.0187,-0.03154995
2024-06-11,NVDA,38.8539,-0.00422553
2024-06-12,NVDA,40.3535,0.0385967
2024-06-13,NVDA,39.5551,-0.01978512
2024-06-14,NVDA,39.3042,-0.00634388
2024-06-17,NVDA,38.8601,-0.0112977
2024-06-18,NVDA,38.1764,-0.01759322
2024-06-19,NVDA,38.8343,0.01723298
2024-06-20,NVDA,40.6252,0.0461151
2024-06-21,NVDA,40.922,0.00730532
2024-06-24,NVDA,40.5102,-0.01006215
2024-06-25,NVDA,39.4658,-0.02578199
2024-06-26,NVDA,40.4516,0.02497926
2024-06-27,NVDA,40.3802,-0.00176565
2024-06-28,NVDA,41.08,0.01733043
2024-07-01,NVDA,42.6114,0.03727931
2024-07-02,NVDA,43.9525,0.03147305
2024-07-03,NVDA,43.4125,-0.0122877
2024-07-04,NVDA,44.1256,0.01642725
2024-07-05,NVDA,44.192,0.00150542
2024-07-08,NVDA,45.0862,0.02023368
2024-07-09,NVDA,46.6024,0.03362987
2024-07-10,NVDA,46.0908,-0.01097945
2024-07-11,NVDA,47.7204,0.03535784
2024-07-12,NVDA,48.9864,0.0265288
2024-07-15,NVDA,49.8006,0.01661993
2024-07-16,NVDA,51.0224,0.02453431
2024-07-17,NVDA,52.264,0.02433443
2024-07-18,NVDA,51.2743,-0.01893615
2024-07-19,NVDA,51.7935,0.01012667
2024-07-22,NVDA,50.4844,-0.02527577
2024-07-23,NVDA,49.8833,-0.01190639
2024-07-24,NVDA,50.819,0.01875634
2024-07-25,NVDA,51.3162,0.00978372
2024-07-26,NVDA,49.8771,-0.0280422
2024-07-29,NVDA,48.8918,-0.01975619
2024-07-30,NVDA,47.1673,-0.03527011
2024-07-31,NVDA,48.4606,0.02741771
2024-08-01,NVDA,48.09,-0.00764691
2024-08-02,NVDA,48.7767,0.01427946
2024-08-05,NVDA,48.7173,-0.00121708
2024-08-06,NVDA,48.5446,-0.00354523
2024-08-07,NVDA,47.7934,-0.01547435
2024-08-08,NVDA,48.9615,0.02444092
2024-08-09,NVDA,50.1207,0.02367425
2024-08-12,NVDA,50.8538,0.01462727
2024-08-13,NVDA,50.2752,-0.01137808
2024-08-14,NVDA,50.3137,0.00076559
2024-08-15,NVDA,51.0599,0.01483148
2024-08-16,NVDA,51.3079,0.00485817
2024-08-19,NVDA,51.5772,0.00524882
2024-08-20,NVDA,50.9648,-0.01187399
2024-08-21,NVDA,50.7164,-0.00487398
2024-08-22,NVDA,49.6155,-0.02170775
2024-08-23,NVDA,49.2519,-0.00732811
2024-08-26,NVDA,48.5204,-0.01485203
2024-08-27,NVDA,47.4251,-0.02257456
2024-08-28,NVDA,49.7396,0.04880462
2024-08-29,NVDA,51.0377,0.02609681
2024-08-30,NVDA,52.1372,0.02154376
2024-09-02,NVDA,51.6465,-0.00941274
2024-09-03,NVDA,51.5867,-0.00115743
2024-09-04,NVDA,52.5824,0.01930133
2024-09-05,NVDA,53.642,0.0201507
2024-09-06,NVDA,51.8873,-0.03271121
2024-09-09,NVDA,51.7744,-0.0021745
2024-09-10,NVDA,52.472,0.01347258
2024-09-11,NVDA,53.4858,0.01932215
2024-09-12,NVDA,53.9905,0.00943528
2024-09-13,NVDA,55.4048,0.02619504
2024-09-16,NVDA,53.9203,-0.02679379
2024-09-17,NVDA,52.7047,-0.02254379
2024-09-18,NVDA,54.4003,0.03217124
2024-09-19,NVDA,56.4033,0.03681983
2024-09-20,NVDA,54.516,-0.03345997
2024-09-23,NVDA,52.8891,-0.02984344
2024-09-24,NVDA,49.0537,-0.0725185
2024-09-25,NVDA,48.1133,-0.0191692
2024-09-26,NVDA,47.4873,-0.01301076
2024-09-27,NVDA,48.8348,0.02837554
2024-09-30,NVDA,48.704,-0.0026783
2024-10-01,NVDA,49.2501,0.01121247
2024-10-02,NVDA,48.8169,-0.0087961
2024-10-03,NVDA,48.4705,-0.00709596
2024-10-04,NVDA,47.2834,-0.02449045
2024-10-07,NVDA,46.4216,-0.0182281
2024-10-08,NVDA,45.1135,-0.02817778
2024-10-09,NVDA,44.3135,-0.01773408
2024-10-10,NVDA,45.3554,0.02351409
2024-10-11,NVDA,45.1865,-0.0037252
2024-10-14,NVDA,45.316,0.00286562
2024-10-15,NVDA,45.844,0.0116527
2024-10-16,NVDA,45.4726,-0.00810159
2024-10-17,NVDA,46.0848,0.01346207
2024-10-18,NVDA,44.8401,-0.02700806
2024-10-21,NVDA,44.9527,0.0025111
2024-10-22,NVDA,45.5565,0.0134306
2024-10-23,NVDA,45.2471,-0.00679131
2024-10-24,NVDA,44.0484,-0.02649084
2024-10-25,NVDA,43.4974,-0.01250995
2024-10-28,NVDA,43.2615,-0.00542338
2024-10-29,NVDA,42.7081,-0.01279223
2024-10-30,NVDA,43.327,0.01449141
2024-10-31,NVDA,43.054,-0.00630085
2024-11-01,NVDA,44.0301,0.02267248
2024-11-04,NVDA,44.9181,0.0201685
2024-11-05,NVDA,45.2831,0.00812505
2024-11-06,NVDA,45.2167,-0.00146562
2024-11-07,NVDA,45.7632,0.01208609
2024-11-08,NVDA,46.401,0.01393676
2024-11-11,NVDA,47.2248,0.01775269
2024-11-12,NVDA,47.2947,0.00148039
2024-11-13,NVDA,46.0432,-0.02646193
2024-11-14,NVDA,47.9456,0.04131763
2024-11-15,NVDA,46.634,-0.02735504
2024-11-18,NVDA,48.5081,0.04018651
2024-11-19,NVDA,50.3976,0.0389521
2024-11-20,NVDA,50.3497,-0.00094869
2024-11-21,NVDA,50.4149,0.00129377
2024-11-22,NVDA,50.577,0.00321556
2024-11-25,NVDA,51.6647,0.02150544
2024-11-26,NVDA,52.3956,0.01414832
2024-11-27,NVDA,52.1385,-0.00490716
2024-11-28,NVDA,53.095,0.01834404
2024-11-29,NVDA,54.4985,0.02643443
2024-12-02,NVDA,57.9422,0.06318812
2024-12-03,NVDA,57.5529,-0.0067172
2024-12-04,NVDA,57.6377,0.00147282
2024-12-05,NVDA,57.3946,-0.00421755
2024-12-06,NVDA,58.4179,0.01782974
2024-12-09,NVDA,60.6512,0.03822808
2024-12-10,NVDA,59.2405,-0.02325789
2024-12-11,NVDA,60.1085,0.01465139
2024-12-12,NVDA,58.8046,-0.0216924
2024-12-13,NVDA,56.9095,-0.03222637
2024-12-16,NVDA,56.9486,0.00068577
2024-12-17,NVDA,56.6859,-0.00461183
2024-12-18,NVDA,55.966,-0.01270028
2024-12-19,NVDA,55.6876,-0.00497433
2024-12-20,NVDA,54.1085,-0.02835684
2024-12-23,NVDA,54.3581,0.00461383
2024-12-24,NVDA,53.5037,-0.01571886
2024-12-25,NVDA,53.2783,-0.00421323
2024-12-26,NVDA,53.6101,0.00622766
2024-12-27,NVDA,52.813,-0.01486843
2024-12-30,NVDA,51.9699,-0.01596236
2024-12-31,NVDA,51.4149,-0.01068063
2025-01-01,NVDA,50.9165,-0.00969314
2025-01-02,NVDA,50.9607,0.00086887
2025-01-03,NVDA,50.2862,-0.01323583
2025-01-06,NVDA,50.8906,0.01201774
2025-01-07,NVDA,50.6793,-0.00415069
2025-01-08,NVDA,49.9667,-0.01406211
2025-01-09,NVDA,49.9481,-0.0003712
2025-01-10,NVDA,48.7497,-0.02399335
2025-01-13,NVDA,49.2784,0.01084622
2025-01-14,NVDA,49.6175,0.00688015
2025-01-15,NVDA,51.175,0.03139033
2025-01-16,NVDA,50.0295,-0.02238353
2025-01-17,NVDA,49.0049,-0.02047976
2025-01-20,NVDA,48.3741,-0.01287267
2025-01-21,NVDA,48.8525,0.00989041
2025-01-22,NVDA,49.509,0.01343847
2025-01-23,NVDA,49.1975,-0.00629197
2025-01-24,NVDA,49.3737,0.00358168
2025-01-27,NVDA,48.8598,-0.01040955
2025-01-28,NVDA,47.9412,-0.01880065
2025-01-29,NVDA,47.6855,-0.00533249
2025-01-30,NVDA,46.7129,-0.02039649
2025-01-31,NVDA,47.2766,0.01206629
2025-02-03,NVDA,48.3756,0.02324572
2025-02-04,NVDA,49.0124,0.01316438
2025-02-05,NVDA,49.0689,0.00115328
2025-02-06,NVDA,49.6555,0.01195369
2025-02-07,NVDA,48.332,-0.02665401
2025-02-10,NVDA,48.5969,0.00548248
2025-02-11,NVDA,49.3078,0.01462851
2025-02-12,NVDA,50.4807,0.02378664
2025-02-13,NVDA,50.4543,-0.00052304
2025-02-14,NVDA,50.7135,0.00513809
2025-02-17,NVDA,50.5074,-0.00406385
2025-02-18,NVDA,51.3501,0.01668359
2025-02-19,NVDA,51.5016,0.0029497
2025-02-20,NVDA,51.8845,0.00743467
2025-02-21,NVDA,54.2097,0.04481669
2025-02-24,NVDA,53.347,-0.01591535
2025-02-25,NVDA,52.318,-0.01928901
2025-02-26,NVDA,53.7408,0.02719579
2025-02-27,NVDA,54.7895,0.019514
2025-02-28,NVDA,55.7411,0.01736808
2025-03-03,NVDA,56.1411,0.00717697
2025-03-04,NVDA,58.0923,0.0347546
2025-03-05,NVDA,58.9738,0.01517352
2025-03-06,NVDA,61.0437,0.03509941
2025-03-07,NVDA,62.6672,0.02659519
2025-03-10,NVDA,61.4315,-0.0197173
2025-03-11,NVDA,62.5034,0.01744736
2025-03-12,NVDA,63.6966,0.0190913
2025-03-13,NVDA,63.9368,0.00377025
2025-03-14,NVDA,62.3625,-0.02462309
2025-03-17,NVDA,61.2505,-0.01783021
2025-03-18,NVDA,61.2624,0.00019367
2025-03-19,NVDA,60.0435,-0.01989594
2025-03-20,NVDA,60.9923,0.01580079
2025-03-21,NVDA,60.8978,-0.00154793
2025-03-24,NVDA,60.0436,-0.01402811
2025-03-25,NVDA,60.9305,0.01477087
2025-03-26,NVDA,60.1481,-0.01284061
2025-03-27,NVDA,60.8767,0.01211451
2025-03-28,NVDA,60.8476,-0.00047874
2025-03-31,NVDA,58.4675,-0.03911565
2025-04-01,NVDA,59.0649,0.01021795
2025-04-02,NVDA,58.7643,-0.0050895
2025-04-03,NVDA,58.3456,-0.00712527
2025-04-04,NVDA,57.6503,-0.01191612
2025-04-07,NVDA,56.7296,-0.01597086
2025-04-08,NVDA,59.3121,0.04552191
2025-04-09,NVDA,59.0111,-0.00507369
2025-04-10,NVDA,58.6217,-0.00659954
2025-04-11,NVDA,60.5905,0.03358597
2025-04-14,NVDA,59.0011,-0.02623279
2025-04-15,NVDA,58.7401,-0.00442383
2025-04-16,NVDA,59.8864,0.01951479
2025-04-17,NVDA,59.7632,-0.00205643
2025-04-18,NVDA,59.5085,-0.00426166
2025-04-21,NVDA,57.9495,-0.02619856
2025-04-22,NVDA,59.6198,0.02882291
2025-04-23,NVDA,59.6812,0.00103096
2025-04-24,NVDA,59.4479,-0.00391031
2025-04-25,NVDA,58.91,-0.00904832
2025-04-28,NVDA,58.998,0.00149511
2025-04-29,NVDA,58.9206,-0.00131181
2025-04-30,NVDA,59.2484,0.0055619
2025-05-01,NVDA,58.1215,-0.019019
2025-05-02,NVDA,58.8167,0.01196176
2025-05-05,NVDA,57.6046,-0.02060816
2025-05-06,NVDA,58.955,0.02344243
2025-05-07,NVDA,56.2695,-0.04555239
2025-05-08,NVDA,58.1023,0.03257115
2025-05-09,NVDA,59.5704,0.02526842
2025-05-12,NVDA,60.3369,0.01286746
2025-05-13,NVDA,62.1943,0.03078269
2025-05-14,NVDA,62.3584,0.00263944
2025-05-15,NVDA,59.4534,-0.04658531
2025-05-16,NVDA,59.1742,-0.00469683
2025-05-19,NVDA,57.1274,-0.03458908
2025-05-20,NVDA,58.1607,0.01808752
2025-05-21,NVDA,56.5002,-0.02854943
2025-05-22,NVDA,56.598,0.00172956
2025-05-23,NVDA,57.0746,0.0084207
2025-05-26,NVDA,57.071,-6.157e-05
2025-05-27,NVDA,58.0219,0.01666081
2025-05-28,NVDA,57.8855,-0.00235135
2025-05-29,NVDA,59.2089,0.02286228
2025-05-30,NVDA,59.4261,0.00366969
2025-06-02,NVDA,63.3343,0.06576587
2025-06-03,NVDA,62.473,-0.01360068
2025-06-04,NVDA,62.3094,-0.00261804
2025-06-05,NVDA,60.482,-0.02932749
2025-06-06,NVDA,61.0585,0.00953149
2025-06-09,NVDA,61.2847,0.00370473
2025-06-10,NVDA,61.4137,0.00210509
2025-06-11,NVDA,60.3141,-0.01790504
2025-06-12,NVDA,57.598,-0.04503201
2025-06-13,NVDA,57.8952,0.00515999
2025-06-16,NVDA,59.1536,0.02173453
2025-06-17,NVDA,61.1998,0.03459261
2025-06-18,NVDA,61.5781,0.00618108
2025-06-19,NVDA,60.0264,-0.02519997
2025-06-20,NVDA,57.1565,-0.04781025
2025-06-23,NVDA,56.6097,-0.00956715
2025-06-24,NVDA,58.6188,0.03549083
2025-06-25,NVDA,60.3495,0.02952429
2025-06-26,NVDA,59.9954,-0.00586695
2025-06-27,NVDA,59.5022,-0.0082207
2025-06-30,NVDA,60.842,0.02251636
2025-07-01,NVDA,62.5521,0.02810786
2025-07-02,NVDA,63.2695,0.01146858
2025-07-03,NVDA,62.2982,-0.01535157
2025-07-04,NVDA,59.515,-0.04467571
2025-07-07,NVDA,59.9021,0.00650442
2025-07-08,NVDA,60.1278,0.00376784
2025-07-09,NVDA,59.2903,-0.01392917
2025-07-10,NVDA,59.665,0.00632101
2025-07-11,NVDA,57.7035,-0.03287563
2025-07-14,NVDA,57.6466,-0.00098656
2025-07-15,NVDA,59.8451,0.03813782
2025-07-16,NVDA,59.4836,-0.00604002
2025-07-17,NVDA,59.2037,-0.00470569
2025-07-18,NVDA,58.1351,-0.01805044
2025-07-21,NVDA,57.5468,-0.01011828
2025-07-22,NVDA,54.3512,-0.05553192
2025-07-23,NVDA,55.0304,0.01249695
2025-07-24,NVDA,54.3543,-0.01228515
2025-07-25,NVDA,52.6889,-0.03064044
2025-07-28,NVDA,48.9626,-0.07072218
2025-07-29,NVDA,48.9462,-0.00033534
2025-07-30,NVDA,50.2337,0.02630513
2025-07-31,NVDA,52.3079,0.04129082
2025-08-01,NVDA,49.7379,-0.04913258
2025-08-04,NVDA,50.3349,0.01200264
2025-08-05,NVDA,49.5074,-0.01643954
2025-08-06,NVDA,47.1017,-0.04859206
2025-08-07,NVDA,47.2245,0.00260639
2025-08-08,NVDA,43.8038,-0.07243498
2025-08-11,NVDA,44.1464,0.0078219
2025-08-12,NVDA,49.119,0.11263766
2025-08-13,NVDA,49.9892,0.01771652
2025-08-14,NVDA,53.3082,0.06639455
2025-08-15,NVDA,53.2547,-0.00100437
2025-08-18,NVDA,55.16,0.03577712
2025-08-19,NVDA,55.0787,-0.00147377
2025-08-20,NVDA,55.5812,0.00912471
2025-08-21,NVDA,57.2207,0.02949668
2025-08-22,NVDA,57.9246,0.01230127
2025-08-25,NVDA,58.8321,0.01566755
2025-08-26,NVDA,59.3682,0.00911203
2025-08-27,NVDA,58.4528,-0.01541962
2025-08-28,NVDA,56.7877,-0.02848539
2025-08-29,NVDA,53.233,-0.0625961
2025-09-01,NVDA,52.1524,-0.02029935
2025-09-02,NVDA,52.2314,0.0015135
2025-09-03,NVDA,52.7192,0.00933993
2025-09-04,NVDA,53.2375,0.00983105
2025-09-05,NVDA,52.3501,-0.01666886
2025-09-08,NVDA,53.0364,0.01311081
2025-09-09,NVDA,54.5982,0.02944767
2025-09-10,NVDA,56.5127,0.03506514
2025-09-11,NVDA,54.0529,-0.04352625
2025-09-12,NVDA,54.9143,0.01593592
2025-09-15,NVDA,52.9841,-0.03515049
2025-09-16,NVDA,52.5836,-0.0075586
2025-09-17,NVDA,51.3024,-0.02436449
2025-09-18,NVDA,50.9852,-0.00618276
2025-09-19,NVDA,49.139,-0.03621086
2025-09-22,NVDA,49.8301,0.01406384
2025-09-23,NVDA,49.5515,-0.00559004
2025-09-24,NVDA,50.6416,0.02199799
2025-09-25,NVDA,51.9802,0.02643293
2025-09-26,NVDA,52.0571,0.00147966
2025-09-29,NVDA,54.2891,0.04287557
2025-09-30,NVDA,54.7505,0.00850017
2025-10-01,NVDA,54.6318,-0.00216789
2025-10-02,NVDA,56.2806,0.0301796
2025-10-03,NVDA,55.7523,-0.00938742
2025-10-06,NVDA,58.9253,0.05691383
2025-10-07,NVDA,59.5007,0.00976489
2025-10-08,NVDA,60.1444,0.01081711
2025-10-09,NVDA,61.513,0.02275603
2025-10-10,NVDA,63.722,0.0359108
2025-10-13,NVDA,65.4964,0.02784679
2025-10-14,NVDA,64.3502,-0.01750158
2025-10-15,NVDA,64.8237,0.00735828
2025-10-16,NVDA,65.6051,0.01205559
2025-10-17,NVDA,65.8291,0.00341368
2025-10-20,NVDA,64.7831,-0.01588943
2025-10-21,NVDA,63.1941,-0.02452826
2025-10-22,NVDA,61.7141,-0.02342013
2025-10-23,NVDA,61.3055,-0.00662077
2025-10-24,NVDA,60.4758,-0.01353361
2025-10-27,NVDA,62.4203,0.0321537
2025-10-28,NVDA,61.9524,-0.00749597
2025-10-29,NVDA,61.2024,-0.01210572
2025-10-30,NVDA,61.8135,0.00998448
2025-10-31,NVDA,60.0453,-0.02860615
2025-11-03,NVDA,61.8694,0.0303797
2025-11-04,NVDA,61.968,0.00159327
2025-11-05,NVDA,64.9324,0.04783671
2025-11-06,NVDA,63.2213,-0.02635077
2025-11-07,NVDA,62.1248,-0.01734468
2025-11-10,NVDA,60.1987,-0.03100304
2025-11-11,NVDA,62.4517,0.03742567
2025-11-12,NVDA,61.9696,-0.00771999
2025-11-13,NVDA,62.6322,0.01069315
2025-11-14,NVDA,61.6703,-0.01535835
2025-11-17,NVDA,61.4151,-0.00413831
2025-11-18,NVDA,63.1816,0.02876377
2025-11-19,NVDA,63.8638,0.01079783
2025-11-20,NVDA,60.3106,-0.05563822
2025-11-21,NVDA,59.3308,-0.01624513
2025-11-24,NVDA,60.1892,0.01446691
2025-11-25,NVDA,59.9226,-0.00442833
2025-11-26,NVDA,61.0302,0.01848279
2025-11-27,NVDA,59.7674,-0.02069113
2025-11-28,NVDA,60.4103,0.01075792
2025-12-01,NVDA,62.1546,0.0288727
2025-12-02,NVDA,59.6735,-0.03991764
2025-12-03,NVDA,63.5353,0.06471571
2025-12-04,NVDA,64.5431,0.01586151
2025-12-05,NVDA,62.7038,-0.02849612
2025-12-08,NVDA,60.4238,-0.03636262
2025-12-09,NVDA,57.2301,-0.05285486
2025-12-10,NVDA,60.3367,0.05428352
2025-12-11,NVDA,63.3512,0.04996051
2025-12-12,NVDA,63.0706,-0.0044287
2025-12-15,NVDA,63.0893,0.00029614
2025-12-16,NVDA,62.6455,-0.00703381
2025-12-17,NVDA,61.8015,-0.01347364
2025-12-18,NVDA,61.4509,-0.00567237
2025-12-19,NVDA,62.1796,0.01185809
2025-12-22,NVDA,61.5789,-0.00966046
2025-12-23,NVDA,62.583,0.01630504
2025-12-24,NVDA,62.6075,0.00039166
2025-12-25,NVDA,53.6146,-0.14363858
2025-12-26,NVDA,59.9239,0.11767872
2025-12-29,NVDA,61.2278,0.02175801
2025-12-30,NVDA,60.9481,-0.00456801
2025-12-31,NVDA,60.0136,-0.01533262
2026-01-01,NVDA,60.6328,0.0103174
2026-01-02,NVDA,58.0672,-0.04231229
2026-01-05,NVDA,57.7764,-0.00500808
2026-01-06,NVDA,58.6492,0.01510532
2026-01-07,NVDA,58.6194,-0.00050671
2026-01-08,NVDA,57.6386,-0.01673189
2026-01-09,NVDA,59.0908,0.02519385
2026-01-12,NVDA,58.0083,-0.01831894
2026-01-13,NVDA,59.1036,0.01888183
2026-01-14,NVDA,61.1202,0.03411951
2026-01-15,NVDA,62.36,0.0202855
2026-01-16,NVDA,63.1349,0.01242501
2026-01-19,NVDA,62.6928,-0.00700242
2026-01-20,NVDA,62.2321,-0.00734827
2026-01-21,NVDA,61.9598,-0.00437578
2026-01-22,NVDA,60.5603,-0.02258658
2026-01-23,NVDA,57.3057,-0.05374103
2026-01-26,NVDA,60.1822,0.05019521
2026-01-27,NVDA,58.9685,-0.02016789
2026-01-28,NVDA,60.1836,0.02060632
2026-01-29,NVDA,60.8043,0.01031423
2026-01-30,NVDA,61.8847,0.0177688
2026-02-02,NVDA,61.3468,-0.00869273
2026-02-03,NVDA,61.0554,-0.00475016
2026-02-04,NVDA,60.8798,-0.00287646
2026-02-05,NVDA,61.9189,0.01706797
2026-02-06,NVDA,62.1471,0.00368635
2026-02-09,NVDA,63.7554,0.02587861
2026-02-10,NVDA,64.3058,0.00863357
2026-02-11,NVDA,67.748,0.05352872
2026-02-12,NVDA,66.2204,-0.02254881
2026-02-13,NVDA,69.0072,0.04208381
2026-02-16,NVDA,69.838,0.01203921
2026-02-17,NVDA,68.9294,-0.01301083
2026-02-18,NVDA,68.0213,-0.01317315
2026-02-19,NVDA,70.1886,0.03186107
2026-02-20,NVDA,69.3141,-0.01245934
2026-02-23,NVDA,72.0081,0.03886682
2026-02-24,NVDA,72.0606,0.00072932
2026-02-25,NVDA,73.2815,0.01694231
2026-02-26,NVDA,73.8072,0.0071738
2026-02-27,NVDA,71.654,-0.02917268
2026-03-02,NVDA,70.2388,-0.01975094
2026-03-03,NVDA,69.7809,-0.00651935
2026-03-04,NVDA,69.8984,0.00168397
2026-03-05,NVDA,68.804,-0.01565746
2026-03-06,NVDA,69.2573,0.00658876
2026-03-09,NVDA,67.411,-0.02665821
2026-03-10,NVDA,65.7254,-0.02500503
2026-03-11,NVDA,66.4755,0.01141196
2026-03-12,NVDA,60.0486,-0.09668007
2026-03-13,NVDA,59.3436,-0.0117404
2026-03-16,NVDA,59.6627,0.00537688
2026-03-17,NVDA,58.3504,-0.02199521
2026-03-18,NVDA,59.5842,0.02114383
2026-03-19,NVDA,61.3594,0.02979342
2026-03-20,NVDA,60.6353,-0.01179979
2026-03-23,NVDA,58.9044,-0.02854722
2026-03-24,NVDA,57.5238,-0.02343779
2026-03-25,NVDA,56.6373,-0.0154111
2026-03-26,NVDA,55.2222,-0.0249855
2026-03-27,NVDA,54.3783,-0.01528064
2026-03-30,NVDA,53.9726,-0.00746078
2026-03-31,NVDA,53.1616,-0.0150261
2026-04-01,NVDA,53.142,-0.00036984
2026-04-02,NVDA,55.1897,0.03853284
2026-04-03,NVDA,55.4088,0.00397072
2026-04-06,NVDA,56.818,0.02543297
2026-04-07,NVDA,54.7813,-0.03584739
2026-04-08,NVDA,53.6011,-0.02154326
2026-04-09,NVDA,53.0125,-0.01098063
2026-04-10,NVDA,53.0468,0.00064654
2026-04-13,NVDA,53.7418,0.01310162
2026-04-14,NVDA,53.6228,-0.002215
2026-04-15,NVDA,54.3157,0.0129234
2026-04-16,NVDA,53.7288,-0.01080685
2026-04-17,NVDA,53.7588,0.00055896
2026-04-20,NVDA,52.4785,-0.02381624
2026-04-21,NVDA,51.4195,-0.02017915
2026-04-22,NVDA,49.1915,-0.04332921
2026-04-23,NVDA,49.5108,0.00648945
2026-04-24,NVDA,50.9286,0.02863801
2026-04-27,NVDA,49.6959,-0.02420502
2026-04-28,NVDA,49.5054,-0.00383372
2026-04-29,NVDA,49.8559,0.00708039
2026-04-30,NVDA,49.9342,0.00157001
2026-05-01,NVDA,50.3936,0.00920125
2026-05-04,NVDA,51.7499,0.02691376
2026-05-05,NVDA,51.3577,-0.00757968
2026-05-06,NVDA,49.7692,-0.03092909
2026-05-07,NVDA,47.7428,-0.04071698
2026-05-08,NVDA,47.3631,-0.00795208
2026-05-11,NVDA,48.2793,0.01934355
2026-05-12,NVDA,47.4871,-0.01640912
2026-05-13,NVDA,47.9249,0.00922036
2026-05-14,NVDA,47.5187,-0.00847595
2026-05-15,NVDA,45.5006,-0.04246983
2026-05-18,NVDA,44.6453,-0.01879789
2026-05-19,NVDA,42.9219,-0.03860206
2026-05-20,NVDA,47.0436,0.09602783
2026-05-21,NVDA,46.0669,-0.02076016
2026-05-22,NVDA,44.9514,-0.02421524
2026-05-25,NVDA,44.5061,-0.00990684
2026-05-26,NVDA,42.433,-0.04658091
2026-05-27,NVDA,45.085,0.06249905
2026-05-28,NVDA,43.0937,-0.04416671
2026-05-29,NVDA,46.3853,0.07638217
2026-06-01,NVDA,43.8155,-0.05540238
2026-06-02,NVDA,43.1851,-0.01438622
2026-06-03,NVDA,47.7855,0.10652666
2026-06-04,NVDA,48.1939,0.00854722
2026-06-05,NVDA,47.5491,-0.01338009
2026-06-08,NVDA,47.3761,-0.00363768
2026-06-09,NVDA,48.9073,0.03231929
2026-06-10,NVDA,48.6609,-0.00503817
2026-06-11,NVDA,47.5411,-0.0230114
2026-06-12,NVDA,46.2664,-0.02681221
2026-06-15,NVDA,45.2353,-0.02228652
2026-06-16,NVDA,45.4533,0.00481956
2026-06-17,NVDA,45.744,0.00639513
2026-06-18,NVDA,46.9185,0.0256759
2026-06-19,NVDA,47.5375,0.01319178
2026-06-22,NVDA,47.9527,0.00873406
2026-06-23,NVDA,46.2097,-0.03634682
2026-06-24,NVDA,44.709,-0.0324768
2026-06-25,NVDA,44.1106,-0.01338504
2026-06-26,NVDA,43.7656,-0.00782059
2026-06-29,NVDA,43.3287,-0.00998248
2026-06-30,NVDA,43.6736,0.00795922
2026-07-01,NVDA,42.7466,-0.02122435
2026-07-02,NVDA,44.0484,0.03045417
2026-07-03,NVDA,45.6354,0.03602673
2026-07-06,NVDA,45.1458,-0.01072862
2026-07-07,NVDA,44.2146,-0.02062489
2026-07-08,NVDA,44.3757,0.00364405
2026-07-09,NVDA,44.0954,-0.00631731
2026-07-10,NVDA,44.6288,0.0120963
2026-07-13,NVDA,45.5794,0.02130111
2026-07-14,NVDA,46.2687,0.01512245
2026-07-15,NVDA,45.9609,-0.00665393
2026-07-16,NVDA,46.0938,0.00289324
2026-07-17,NVDA,45.1015,-0.02152754
2026-07-20,NVDA,42.3708,-0.06054544
2026-07-21,NVDA,44.1626,0.04228713
2026-07-22,NVDA,43.2217,-0.02130407
2026-07-23,NVDA,42.9258,-0.00684712
2026-07-24,NVDA,43.1754,0.00581535
2026-07-27,NVDA,44.0479,0.02020862
2026-07-28,NVDA,44.5274,0.01088563
2026-07-29,NVDA,44.3732,-0.00346472
2026-07-30,NVDA,44.2868,-0.00194687
2026-07-31,NVDA,44.8255,0.01216481
2026-08-03,NVDA,44.1807,-0.01438592
2026-08-04,NVDA,44.1858,0.00011684
2026-08-05,NVDA,43.3161,-0.01968299
2026-08-06,NVDA,42.0219,-0.02987807
2026-08-07,NVDA,43.3229,0.03096048
2026-08-10,NVDA,42.1944,-0.02605017
2026-08-11,NVDA,41.934,-0.00617103
2026-08-12,NVDA,42.5197,0.01396757
2026-08-13,NVDA,42.3153,-0.004806
2026-08-14,NVDA,41.4788,-0.01977031
2026-08-17,NVDA,39.8725,-0.03872474
2026-08-18,NVDA,40.4621,0.0147871
